Display name,DirSyncEnabled,User principal name,Object Id,First name,Last name,When created,Soft deletion time stamp,AgeGroup,Title,Department,Preferred data location,City,CountryOrRegion,Office,StateOrProvince,Usage location,Last dirsync time,Block credential,Licenses,Password never expires,Last password change time stamp,Mobile Phone,Phone number,Postal code,Preferred language,Street address,Fax,Proxy addresses,MemberType
Aaron Hernandez Ramirez,True,aramirez@supraterra.com.mx,82464331-5be2-48c8-832a-28193cf9056f,Aaron,Hernandez Ramirez,2024-04-30 18:18:54Z,,,,,,,,,,MX,2024-12-09 13:55:07Z,False,Microsoft 365 Empresa Estándar+Microsoft Power Automate Free,True,2025-08-27 17:55:18Z,,,,,,,SMTP:aramirez@supraterra.com.mx+smtp:aramirez@supraterra.onmicrosoft.com,
Abdiel Paulino Ramirez Ortiz,True,pramirez@supraterra.com.mx,a3b7d883-994c-45d2-aeb5-964a7c883d97,Abdiel Paulino,Ramirez Ortiz,2024-04-30 18:18:53Z,,,,,,,,,,MX,2024-10-21 15:42:02Z,False,Unlicensed,True,2024-10-21 15:30:26Z,,,,,,,SMTP:pramirez@supraterra.com.mx+smtp:pramirez@supraterra.onmicrosoft.com,
abel.camacho@d-r.com.mx,False,abel.camacho_d-r.com.mx#EXT#@supraterra.onmicrosoft.com,718de1b3-eaa5-4a3d-a584-768832844aa5,,,2025-04-10 16:37:08Z,,,,,,,,,,,,False,Unlicensed,True,2025-04-10 16:37:08Z,,,,,,,SMTP:abel.camacho@d-r.com.mx,
AC Zirandaro,True,aczir@supraterra.onmicrosoft.com,ae87791c-8c65-4094-966f-e570a999b936,AC,Zirandaro,2024-04-30 18:18:57Z,,,,,,,,,,,2024-04-30 18:18:57Z,False,Unlicensed,True,2023-12-28 18:20:30Z,,,,,,,,
acabello@casasriscos.com,False,acabello_casasriscos.com#EXT#@supraterra.onmicrosoft.com,85f45d76-bda2-45f8-8c28-a5322485ecc4,,,2025-01-14 00:36:09Z,,,,,,,,,,,,False,Unlicensed,True,2025-01-14 00:36:09Z,,,,,,,SMTP:acabello@casasriscos.com,
ACGOLF Zibata,True,ACGOLFZ@supraterra.onmicrosoft.com,1759f6a0-b5b4-478a-a40f-2131a00ef8b6,ACGOLF,Zibata,2024-04-30 18:18:59Z,,,,AC-Golf,,El Marques,Mexico,AC-Golf Zibata,Queretaro,,2024-08-01 16:27:21Z,False,Unlicensed,True,2016-02-09 01:28:16Z,,1028,76269,,,,,
ACGOLF Zirandaro,True,golf@zirandaro.com.mx,686dc1da-c740-4efd-9366-7c3c9b99c3c0,ACGOLF,Zirandaro,2024-04-25 22:45:25Z,,,AUXILIAR ADMINISTRATIVO,,,San Miguel de Allende,,ZIRANDARO,Guanajuato,MX,2024-10-09 14:46:51Z,False,Microsoft 365 Empresa Básico,True,2024-10-09 14:25:42Z,,,,,,,SMTP:golf@zirandaro.com.mx,
Admin Mkt,True,adminmkt@supraterra.com.mx,3420450b-beba-408b-8c05-3b944180f8ae,Admin,Mkt,2024-04-30 18:18:50Z,,,,,,,,,,MX,2024-10-16 01:24:28Z,False,Microsoft 365 Empresa Estándar+Microsoft Power Automate Free,True,2025-08-06 18:20:49Z,,4839,,,,,SMTP:adminmkt@supraterra.com.mx+smtp:adminmkt@supraterra.onmicrosoft.com+smtp:cpule@supraterra.com.mx,
Administracion CRM,True,admoncrm@supraterra.onmicrosoft.com,65b7faaf-443a-441a-9d60-2e1772d54efa,Administracion,CRM,2024-04-30 18:18:47Z,,,,,,,,,,,2024-04-30 18:18:47Z,False,Unlicensed,True,2017-06-05 14:57:37Z,,,,,,,,
Administracion Golf,True,admongolf@supraterra.onmicrosoft.com,ab1bd9ea-d675-4a8e-bd7c-1f2d12e7c2e0,Administracion,Golf,2024-04-30 18:18:51Z,,,,,,,,,,MX,2024-05-21 16:43:19Z,False,Unlicensed,True,2019-07-25 20:18:40Z,,5011,,,,,,
Administracion Obra,True,admon_obra@supraterra.onmicrosoft.com,5dbe5b94-c109-414b-bcb2-acc2efb35b5c,Administracion,Obra,2024-04-30 18:18:49Z,,,,,,,,,,MX,2024-07-03 18:32:21Z,False,Unlicensed,True,2024-12-17 15:12:41Z,,,,,,,SMTP:admon_obra@supraterra.onmicrosoft.com,
Administración Zibatá,False,administrativo@zibata.com,644ab4b1-a16c-44ed-b016-0a3d9690b292,Administración,Zibatá,2026-06-08 23:26:56Z,,,,,,,,,,MX,,False,Microsoft 365 Empresa Estándar,True,2026-06-08 23:26:56Z,,,,,,,SMTP:administrativo@zibata.com,
Adriana Dominguez Alvarez,True,administracion@zibata.com,0751a0c6-8d86-4173-8960-8c6758e52ce9,Adriana,Dominguez Alvarez,2024-07-24 20:28:30Z,,,,,,,,,,MX,2024-10-23 16:44:19Z,False,Unlicensed,True,2026-05-22 00:02:38Z,,,,,,,SMTP:administracion@zibata.com+smtp:administracion@supraterra.onmicrosoft.com+smtp:admonventas@nuevorefugio.com+smtp:admonventas@zaru.mx,
Alan de Jesus  Granados Rico,False,agranados@stirapuato.mx,4906455f-30d4-4d55-ac9a-0bfabab91823,Alan de Jesus,Granados Rico,2026-02-17 19:21:44Z,,,,,,,,,,MX,,False,Microsoft 365 Empresa Estándar,True,2026-02-17 19:21:44Z,,,,,,,SMTP:agranados@stirapuato.mx,
Alan de Jesus Granados Rico,True,supervision@stirapuato.mx,2ac67bd8-1aad-48d1-bb14-c0d4f0f7c376,Alan de Jesus,Granados Rico,2024-04-30 18:18:55Z,,,,,,,,,,MX,2024-11-11 16:31:41Z,False,Unlicensed,True,2025-07-02 23:50:11Z,,,,,,,SMTP:supervision@stirapuato.mx+smtp:agranados@supraterra.onmicrosoft.com+smtp:supervision@zibata.com,
Alberto  Hernández Nieto,False,anieto@supraterra.com.mx,9e66756a-efd8-4587-ab70-40f589636df6,Alberto,Hernández Nieto,2025-10-21 21:43:49Z,,,,,,,,,,MX,,False,Microsoft 365 Empresa Estándar,True,2025-10-21 21:43:49Z,,,,,,,SMTP:anieto@supraterra.com.mx,
Alejandro Eugenio Mendez,True,amendez@supraterra.com.mx,069c338e-4a76-4c75-9716-dda5d478d089,Alejandro Eugenio,Pena Mendez,2024-04-30 18:19:01Z,,,Coordinador de Concusros y Contratos de Obras y Servicios,Juridico,,Santiago de Queretaro,Mexico,QBP-Corporativo,Queretaro,MX,2024-11-26 17:44:40Z,False,Microsoft 365 Empresa Estándar+Archivado de Exchange Online para Exchange Online,True,2026-03-31 19:37:28Z,,4807,76100,,,,SMTP:amendez@supraterra.com.mx+smtp:amendez@supraterra.onmicrosoft.com,
Alejandro Lagunes Hernández,True,controlpresupuestal@supraterra.com.mx,e668d828-34ed-4119-9f20-a41a4ad70701,Alejandro,Lagunes Hernández,2024-04-30 18:18:55Z,,,,,,,,,,MX,2024-11-21 04:39:55Z,False,Unlicensed,True,2025-10-06 16:14:56Z,,4837,,,,,SMTP:controlpresupuestal@supraterra.com.mx+smtp:controlpresupuestal@supraterra.onmicrosoft.com,
Alexandra del Valle Jiménez,False,adelvalle@supraterra.com.mx,acb662ec-d091-48b5-9256-6e936c17ab5e,Alexandra,del Valle Jiménez,2025-10-28 15:30:50Z,,,,,,,,,,MX,,False,Microsoft 365 Empresa Estándar,True,2026-08-18 15:44:19Z,,,,,,,SMTP:adelvalle@supraterra.com.mx+smtp:nromero@supraterra.com.mx,
Alfonso Estrada,True,aestrada@stirapuato.mx,f293b96a-8942-49b7-9914-326466af64aa,Alfonso,Estrada,2024-04-30 18:18:49Z,,,TECNICO AMBIENTAL,,,El Marques,,ZIBATA,Queretaro,MX,2024-12-02 17:19:37Z,False,Archivado de Exchange Online para Exchange Online+Microsoft 365 Empresa Estándar+Microsoft Power Automate Free,True,2024-12-02 17:08:41Z,,1049,,,,,smtp:aestrada@supraterra.onmicrosoft.com+SMTP:aestrada@stirapuato.mx,
Alfredo Antonio  Huerta Garcés,False,ahuerta@zibata.com,62451b76-ed8d-427c-bfed-4c3fadafb66b,Alfredo Antonio,Huerta Garcés,2025-06-24 00:58:13Z,,,,,,,,,,MX,,False,Microsoft 365 Empresa Básico,True,2025-12-21 19:35:33Z,,,,,,,SMTP:ahuerta@zibata.com,
Allyson Avila Baeza,True,aavila@supraterra.com.mx,3f668e7c-a7b5-4d1f-935d-966449595b1c,Allyson,Avila Baeza,2024-10-23 16:44:19Z,,,,,,,,,,MX,2024-10-29 18:20:38Z,False,Microsoft 365 Empresa Estándar+Microsoft Power Automate Free,True,2024-10-29 18:06:31Z,,,,,,,SMTP:aavila@supraterra.com.mx+smtp:aavila@supraterra.onmicrosoft.com,
Alma del Bosque,True,almajow@supraterra.com.mx,47a6fdd0-ee6a-4bc8-99a3-3fa53137b0d6,Alma,del Bosque,2024-05-02 20:20:42Z,,,,,,,,,,MX,2024-05-02 20:20:42Z,False,Unlicensed,True,2024-12-17 15:14:01Z,,,,,,,SMTP:almajow@supraterra.com.mx+smtp:almajow@supraterra.onmicrosoft.com,
Álvaro López,True,supdeobra@supraterra.onmicrosoft.com,a16e78fb-f4a1-4130-8d85-a933c413923a,Álvaro,López,2024-04-30 18:18:54Z,,,,,,,,,,,2024-04-30 18:18:53Z,False,Unlicensed,True,2024-02-20 15:07:47Z,,,,,,,,
Álvaro López Cruz,True,alopez@stirapuato.mx,48e68666-bc0e-4fa9-bdb1-a9576b4df1b6,Álvaro,López Cruz,2024-04-30 18:18:57Z,,,,,,,,,,MX,2024-08-26 23:02:50Z,False,Unlicensed,True,2024-10-31 00:13:19Z,,,,,,,SMTP:alopez@stirapuato.mx+smtp:acruz@supraterra.onmicrosoft.com,
Amaranta Torres Rubin,True,arubin@zibata.com,65143066-f48c-4728-bd33-14cb3142f501,Amaranta,Torres Rubin,2024-04-30 18:18:55Z,,,,,,,,,,MX,2024-09-11 16:17:09Z,False,Microsoft Power Automate Free+Microsoft 365 Empresa Estándar,True,2026-05-22 00:03:39Z,,,,,,,SMTP:arubin@zibata.com+smtp:auxgolf@supraterra.onmicrosoft.com,
Ambiental,False,ambiental@supraterra.com.mx,db295c3e-f15a-49ad-8f77-5b11280a6e4b,,,2025-06-24 16:22:47Z,,,,,,,,,,,,True,Unlicensed,True,2025-06-24 16:22:47Z,,,,,,,smtp:ambiental@supraterra.onmicrosoft.com+SMTP:ambiental@supraterra.com.mx,
Amelia Paulina Melo Mares,False,bventas@zibata.com,25f1ea1e-ca7f-4934-874a-ac6b2c08cd9d,Amelia Paulina,Melo Mares,2026-09-08 19:49:57Z,,,,,,,,,,MX,,False,Microsoft 365 Empresa Básico,True,2026-09-08 19:49:57Z,,,,,,,SMTP:bventas@zibata.com,
Ana Giselle González Montiel,True,agonzalez@supraterra.com.mx,1ff68162-8d99-4241-a5fb-4b198a6e941f,Ana Giselle,González Montiel,2024-04-30 18:18:49Z,,,,,,,,,,MX,2024-11-19 17:38:38Z,False,Unlicensed,True,2024-11-19 17:20:51Z,,4849,,,,,SMTP:agonzalez@supraterra.com.mx+smtp:agonzalez@supraterra.onmicrosoft.com,
Ana Paula Arnaud Sandoval,True,parnaud@supraterra.com.mx,d6553dcc-b743-495e-9930-c9d4ed9c5506,Ana Paula,Arnaud Sandoval,2024-04-30 18:18:50Z,,,,,,,,,,MX,2024-10-10 20:18:11Z,False,Unlicensed,True,2026-02-25 19:03:33Z,,,,,,,SMTP:parnaud@supraterra.com.mx+smtp:parnaud@supraterra.onmicrosoft.com+smtp:cponce@supraterra.com.mx,
Ana Romo,True,aromo@supraterra.com.mx,ed3f3edf-5589-47ab-9e07-8d50e456c42f,Ana,Romo,2024-04-30 18:19:01Z,,,Analista de Concusros y Contratos de Obras y Servicios,Juridico,,Santiago de Queretaro,Mexico,QBP-Corporativo,Queretaro,,2024-07-04 18:03:31Z,False,Unlicensed,True,2024-12-17 15:03:23Z,,1026,76100,,,,SMTP:aromo@supraterra.com.mx,
Analista de Costos y Proyectos,True,costosyproyectos@supraterra.com.mx,8eef9311-c54a-48ed-9043-51ec73c52cf3,Analista de,Costos y Proyectos,2024-04-30 18:18:53Z,,,,,,,,,,MX,2024-07-09 23:42:19Z,False,Unlicensed,True,2024-03-27 00:07:26Z,,,,,,,SMTP:costosyproyectos@supraterra.com.mx+smtp:costosyproyectos@supraterra.onmicrosoft.com,
Andrea De la Torre,True,atorre@supraterra.com.mx,94eadaf9-85eb-4add-92ea-d5174d8b2d2c,Andrea,De la Torre,2024-04-30 18:18:59Z,,,ANALISTA DE MARKETING,Publicidad-MKT,,Santiago de Queretaro,Mexico,QBP-Corporativo,Queretaro,MX,2024-08-01 16:27:21Z,False,Microsoft 365 Empresa Básico,True,2024-07-16 19:37:07Z,,,76100,,,,smtp:atorre@supraterra.onmicrosoft.com+SMTP:atorre@zibata.com+smtp:atorre@supraterra.com.mx,
Andrea Estefania Rodríguez López,False,arodriguez@supraterra.com.mx,f8b67475-310f-41b4-a722-bd2f9906424d,Andrea Estefania,Rodríguez López,2026-01-19 18:30:32Z,,,,,,,,,,MX,,False,Microsoft 365 Empresa Básico,True,2026-04-15 23:55:14Z,,,,,,,SMTP:arodriguez@supraterra.com.mx,
Andrea Kathia Ruiz Gónzalez,True,ac@urbancorridor.com.mx,4937d011-d372-4d77-ad0b-12a4fbbd4422,Andrea Kathia,Ruiz Gónzalez,2024-09-04 18:41:10Z,,,,,,,,,,MX,2024-12-04 16:21:15Z,False,Unlicensed,True,2025-10-20 17:55:25Z,,3016,,,,,SMTP:ac@urbancorridor.com.mx+smtp:acurbancorridor@supraterra.onmicrosoft.com+smtp:aruiz@urbancorridor.com.mx,
Andrea Ruiz Gonzalez,True,aruiz@supraterra.com.mx,37ae97fc-dcd5-487f-92b2-503d57419208,Andrea,Ruiz Gonzalez,2024-04-30 18:18:54Z,,,,,,,,,,MX,2024-09-09 20:15:28Z,False,Microsoft 365 Empresa Estándar,True,2026-02-10 17:10:00Z,,,,,,,SMTP:aruiz@supraterra.com.mx+smtp:aruiz@supraterra.onmicrosoft.com+smtp:dvargas@supraterra.com.mx,
Andres Puebla Paredes,True,apuebla@zibata.com,4378c1e5-c6de-4392-84d1-e63a5e585072,Andres,Puebla Paredes,2024-04-30 18:19:02Z,,,,Ventas,,El Marques,Mexico,Zibatá,Queretaro,MX,2024-10-09 18:16:58Z,False,Microsoft 365 Empresa Básico,True,2024-12-20 21:31:25Z,,,76269,,,,SMTP:apuebla@zibata.com+smtp:apuebla@supraterra.onmicrosoft.com,
Aner Jesus Andrade Flores,True,supervisionppto@supraterra.com.mx,693ea58c-4dce-4126-9ac6-a0bd695584b0,Aner Jesus,Andrade Flores,2024-04-30 18:18:55Z,,,,,,,,,,MX,2024-11-27 15:15:27Z,False,Microsoft 365 Empresa Estándar+Microsoft Power Automate Free+Microsoft Fabric (Gratis),True,2026-08-25 18:42:04Z,,4830,,,,,SMTP:supervisionppto@supraterra.com.mx+smtp:supervisionppto@supraterra.onmicrosoft.com+smtp:supppto@supraterra.com.mx,
Angel De Jesus Garcia Landaverde,True,alandaverde@supraterra.onmicrosoft.com,6f3e4339-c331-4395-836b-cc0ef904d917,Angel De Jesus,Garcia Landaverde,2024-04-30 18:18:54Z,,,,,,,,,,MX,2024-05-30 19:56:28Z,False,Unlicensed,True,2024-05-30 19:55:50Z,,,,,,,SMTP:alandaverde@supraterra.onmicrosoft.com,
Angie Grazziel Hernández Bravo,True,ahernandez@supraterra.com.mx,5041c507-f6a7-4f36-9e0d-fb372bab5a64,Angie Grazziel,Hernández Bravo,2024-04-30 18:18:50Z,,,,,,,,,,MX,2024-10-10 17:48:06Z,False,Microsoft 365 Empresa Premium,True,2025-04-29 15:48:28Z,,4802,,,,,SMTP:ahernandez@supraterra.com.mx+smtp:ahernandez@supraterra.onmicrosoft.com,
AQUAA 2,True,AQUAA2@supraterra.onmicrosoft.com,4c2ef986-e91a-417f-a5d3-307d61e33827,AQUAA,2,2024-04-30 18:18:48Z,,,,,,,,,,,2024-04-30 18:18:48Z,False,Unlicensed,True,2018-11-07 19:48:08Z,,,,,,,,
Ariadna Castro Chávez,True,acastro@supraterra.com.mx,4a648a6a-b436-4494-b38f-533b57aec502,Ariadna,Castro Chávez,2024-04-30 18:19:01Z,,,,Obra y Construcción,,El Marquez,Mexico,QBP,Queretaro,MX,2024-08-01 20:05:15Z,False,Unlicensed,True,2024-07-17 23:16:18Z,,1056,76268,,,,SMTP:acastro@supraterra.com.mx+smtp:acastro@supraterra.onmicrosoft.com,
asa.ecologia,False,asa.ecologia_gmail.com#EXT#@supraterra.onmicrosoft.com,37129db9-31f5-4cb9-91a6-da77e1f26234,,,2026-09-28 19:46:44Z,,,,,,,,,,,,False,Unlicensed,True,2026-09-28 19:46:44Z,,,,,,,SMTP:asa.ecologia@gmail.com,
Asesores1 Nuevo Refugio,True,nrefugio1@supraterra.onmicrosoft.com,875a9adc-e020-4fff-b11f-fd9781301941,Asesores1,Nuevo Refugio,2024-04-30 18:18:51Z,,,,,,El Marques,Mexico,Nuevo Refugio,Queretaro,,2024-04-30 18:18:51Z,False,Unlicensed,True,2022-12-13 19:50:07Z,,3006,76269,,,,,
Asesores1 Zibata,True,asesores1@supraterra.onmicrosoft.com,230856ec-1f9a-4d17-9347-29a8659a967a,Asesores1,Zibata,2024-04-30 18:18:59Z,,,,Ventas,,El Marques,Mexico,ZIBATA,Queretaro,,2024-04-30 18:19:07Z,False,Unlicensed,True,2015-12-28 23:31:22Z,,1016,76269,,,,,
Asesores1 Zirandaro,True,asesoreszir1@supraterra.onmicrosoft.com,ed00bd91-7436-4274-aa6f-5d21178ef51d,Asesores1,Zirandaro,2024-04-30 18:18:48Z,,,,,,,,,,,2024-04-30 18:18:48Z,False,Unlicensed,True,2024-04-30 18:18:48Z,,5001,,,,,,
Asesores2 Nuevo Refugio,True,nrefugio2@supraterra.onmicrosoft.com,10924f07-8dd6-4e2d-b66e-125651d36a08,Asesores2,Nuevo Refugio,2024-04-30 18:18:51Z,,,,,,El Marques,Mexico,Nuevo Refugio,Queretaro,,2024-04-30 18:18:51Z,False,Unlicensed,True,2022-12-13 19:52:30Z,,3007,76269,,,,,
Asesores2 Zibata,True,asesores2@supraterra.onmicrosoft.com,aec2624d-5f50-4e22-bd8d-8d99aca76898,Asesores2,Zibata,2024-04-30 18:19:02Z,,,,Ventas,,El Marques,Mexico,ZIBATA,Queretaro,,2024-04-30 18:19:08Z,False,Unlicensed,True,2015-12-28 23:31:56Z,,1017,76269,,,,,
Asesores2 Zirandaro,True,asesoreszir2@supraterra.onmicrosoft.com,0d2d9524-ae44-4ba8-b92d-6f366187a225,Asesores2,Zirandaro,2024-04-30 18:18:48Z,,,,,,,,,,,2024-04-30 18:18:48Z,False,Unlicensed,True,2024-04-30 18:18:48Z,,5002,,,,,,
Asesores3 Zibata,True,asesores3@supraterra.onmicrosoft.com,f9ae988e-16fd-49f1-8ce3-187e65f55b34,Asesores3,Zibata,2024-04-30 18:18:59Z,,,,Ventas,,El Marques,Mexico,ZIBATA,Queretaro,,2024-04-30 18:19:07Z,False,Unlicensed,True,2015-12-28 23:32:27Z,,1018,76269,,,,,
Asesores4 Zibata,True,asesores4@supraterra.onmicrosoft.com,5403402d-81f1-41c0-9b68-1588471f7459,Asesores4,Zibata,2024-04-30 18:18:59Z,,,,Ventas,,El Marques,Mexico,ZIBATA,Queretaro,,2024-04-30 18:19:07Z,False,Unlicensed,True,2015-12-28 23:34:13Z,,1019,76269,,,,,
Asesores4 Zirandaro,True,asesoreszir4@supraterra.onmicrosoft.com,e8edb861-c19c-4f6e-a5d3-374df19c081a,Asesores4,Zirandaro,2024-04-30 18:18:52Z,,,,,,,,,,,2024-06-20 16:47:52Z,False,Unlicensed,True,2024-06-20 16:42:15Z,,,,,,,,
Asesores5 Zibata,True,asesores5@supraterra.onmicrosoft.com,c62d50d4-16d0-422a-9e43-2e891e72cd77,Asesores5,Zibata,2024-04-30 18:19:02Z,,,,Ventas,,El Marques,Mexico,ZIBATA,Queretaro,,2024-04-30 18:19:08Z,False,Unlicensed,True,2015-12-28 23:39:52Z,,1015,76269,,,,,
Asociacion Colonos Zibata,True,accolonos@supraterra.onmicrosoft.com,7e7dc828-37af-48b9-b4e7-86c34a659d04,Asociacion,Colonos Zibata,2024-04-30 18:18:49Z,,,,,,,,,,,2024-04-30 18:18:49Z,False,Unlicensed,True,2021-07-07 16:42:21Z,,,,,,,,
Asociación Colonos Zirándaro,True,aczirandaro@supraterra.onmicrosoft.com,4632498f-4825-4674-8a7b-cdb96256c615,Asociación Colonos,Zirándaro,2024-04-30 18:18:56Z,,,,,,,,,,,2024-04-30 18:18:55Z,False,Unlicensed,True,2024-02-19 19:59:36Z,,,,,,,,
Atención Supraterra,True,atencion@supraterra.com.mx,79dcb4c8-472e-4064-8d44-2cb8b06f7e1f,Atención,Supraterra,2024-05-07 01:25:47Z,,,,,,,,,,MX,2024-07-11 16:14:24Z,False,Microsoft 365 Empresa Básico,True,2025-10-09 23:18:48Z,,,,,,,SMTP:atencion@supraterra.com.mx+smtp:atencion@supraterra.onmicrosoft.com,
Auditores,True,aud@supraterra.onmicrosoft.com,7e4d570e-c493-45ab-9319-0565b4fdfad0,Auditores,,2024-04-30 18:18:56Z,,,,,,,,,,,2024-10-31 16:22:12Z,False,Unlicensed,True,2024-10-31 15:52:33Z,,,,,,,,
Auxiliar Administración,True,aux_admon@zibata.com,8d66e615-0da0-48a2-a60f-3a4af0b3807f,Auxiliar,Administración,2024-04-30 18:18:54Z,,,,,,,,,,MX,2024-11-19 15:38:32Z,False,Microsoft 365 Empresa Estándar+Archivado de Exchange Online para Exchange Online+Microsoft Power Automate Free,True,2025-10-30 17:05:50Z,,1037,,,,,SMTP:aux_admon@zibata.com+smtp:aux_admon@supraterra.onmicrosoft.com,
Auxiliar Archivo Zibata,True,auxarchivo@zibata.com,0313ba9a-9565-403e-9ee8-02ff90490bf7,Auxiliar,Archivo Zibata,2024-04-30 18:18:56Z,,,,,,,,,,MX,2024-10-25 22:46:46Z,False,Microsoft 365 Empresa Básico+Microsoft Power Automate Free,True,2024-10-25 22:21:46Z,,,,,,,SMTP:auxarchivo@zibata.com+smtp:auxarchivo@supraterra.onmicrosoft.com,
Auxiliar Juridico,True,auxjuridico@zibata.com,c3fedbcd-9964-4d89-bf5e-72af0c56fb42,Auxiliar,Juridico,2024-04-30 18:18:52Z,,,,,,El Marques,Mexico,,Queretaro,MX,2024-09-11 23:17:28Z,False,Microsoft Power Automate Free+Microsoft 365 Empresa Estándar,True,2026-03-25 19:42:07Z,,1007,76169,,,,SMTP:auxjuridico@zibata.com+smtp:auxjuridico@supraterra.onmicrosoft.com,
Auxiliar RH,True,auxrh@supraterra.com.mx,43c60495-5bf8-41b7-ac8d-9b0e97f4c777,Auxiliar,RH,2024-04-30 18:18:46Z,,,,,,,,,,MX,2024-05-07 17:56:37Z,False,Unlicensed,True,2024-05-07 16:36:26Z,,,,,,,SMTP:auxrrhh@supraterra.com.mx+smtp:auxrh@supraterra.onmicrosoft.com+smtp:auxrh@supraterra.com.mx,
Auxiliar RH2,True,infoesr@supraterra.com.mx,ff699282-491c-4659-b3ef-055659f78e0c,Auxiliar,RH,2024-06-07 18:00:35Z,,,,,,,,,,MX,2024-10-02 15:07:40Z,False,Microsoft Fabric (Gratis)+Microsoft 365 Empresa Básico,True,2025-08-12 17:40:49Z,,,,,,,SMTP:infoesr@supraterra.com.mx+smtp:rh2@supraterra.onmicrosoft.com,
Aylen Saenz Galindo,True,direccion@supraterra.onmicrosoft.com,5d07c375-66ed-4263-b0dc-b3506cd038fb,Aylen,Saenz Galindo,2024-04-25 22:51:15Z,,,,,,,,,,MX,2024-12-02 22:19:47Z,False,Microsoft 365 Empresa Premium+Microsoft Power Automate Free,True,2026-07-22 16:52:29Z,,5003,,,,,SMTP:direccion@zirandaro.com.mx+smtp:direccion@supraterra.onmicrosoft.com,
Aylin González Rossainz,True,admonaux@supraterra.com.mx,daf3081a-4aea-4e37-9f20-186ddf3071c6,Aylin,González Rossainz,2024-11-22 16:41:25Z,,,,,,,,,,MX,2024-12-05 18:51:55Z,False,Microsoft 365 Empresa Básico+Microsoft Power Automate Free,True,2024-12-17 00:06:32Z,,,,,,,SMTP:admonaux@supraterra.com.mx+smtp:admon_aux@supraterra.onmicrosoft.com,
Barbara Reinosa,False,barbara.reinosa_mx.ey.com#EXT#@supraterra.onmicrosoft.com,ddfdc663-024a-4ba7-bf8a-11d1c453e641,,,2026-08-10 19:22:41Z,,,,,,,,,,,,False,Unlicensed,True,2026-08-10 19:22:41Z,,,,,,,SMTP:barbara.reinosa@mx.ey.com,
barbara.vazquez@grupofigole.com,False,barbara.vazquez_grupofigole.com#EXT#@supraterra.onmicrosoft.com,6c044c65-9d7f-45c8-bad1-e77f17863373,,,2025-01-14 00:36:05Z,,,,,,,,,,,,False,Unlicensed,True,2025-01-14 00:36:05Z,,,,,,,SMTP:barbara.vazquez@grupofigole.com,
Becario  Mantenimiento,False,bmantenimiento@supraterra.com.mx,948342a1-02cd-4da4-a8d4-38a57b949241,Becario,Mantenimiento,2026-05-20 15:50:56Z,,,,,,,,,,MX,,False,Microsoft 365 Empresa Básico,True,2026-07-28 15:28:55Z,,,,es-MX,,,SMTP:bmantenimiento@supraterra.com.mx,
Becario Asociación de Colonos,False,becario@colonoszirandaro.com,b9845a03-f7fd-4907-bdc3-c1c713bd0726,Becario,Asociación de Colonos,2026-09-25 21:19:57Z,,,,,,,,,,MX,,False,Microsoft 365 Empresa Básico,True,2026-09-25 21:19:57Z,,,,,,,SMTP:becario@colonoszirandaro.com+smtp:becaria@colonoszirandaro.com,
Becario Contabilidad,False,bcontabilidad@supraterra.com.mx,3234f9a0-9a44-4c5a-8cdd-882264fc2523,Becario,Contabilidad,2026-03-03 22:34:47Z,,,,,,,,,,MX,,False,Microsoft Power Automate Free+Microsoft 365 Empresa Básico,True,2026-06-11 02:41:03Z,,,,,,,SMTP:bcontabilidad@supraterra.com.mx,
Becario El Refugio,True,brefugio@supraterra.onmicrosoft.com,090374ed-5ea2-412b-aab0-f62ba82246ac,Becario,El Refugio,2024-04-30 18:18:47Z,,,,,,,,,,,2024-04-30 18:18:47Z,False,Unlicensed,True,2016-07-04 14:32:51Z,,,,,,,,
Becario Finanzas,False,bfinanzas@supraterra.com.mx,3ac1fb6e-8103-4378-ae12-3376073e4d0c,Becario,Finanzas,2026-07-16 16:57:42Z,,,,,,,,,,MX,,False,Microsoft Fabric (Gratis)+Microsoft 365 Empresa Básico,True,2026-07-16 16:57:42Z,,,,,,,SMTP:bfinanzas@supraterra.com.mx,
Becario Juridico,True,auxjuridico@supraterra.onmicrosoft.com,10ffc277-ac06-416a-8431-faf6943d61ac,Becario,Juridico Refugio,2024-04-30 18:18:50Z,,,,,,Queretaro,Mexico,QBP-Corporativo,Queretaro,,2024-04-30 18:18:50Z,False,Unlicensed,True,2017-01-10 15:29:36Z,,3002,76100,,,,SMTP:auxjuridico@supraterra.com.mx,
Becario Publicidad,True,becariomkt@supraterra.com.mx,22f30dfd-ae34-40a9-9d63-4d95ed9b006b,Becario,Publicidad,2024-04-30 18:18:46Z,,,,,,,,QBP-Corporativo,,MX,2024-07-05 16:04:34Z,False,Microsoft 365 Empresa Estándar+Microsoft Power Automate Free,True,2026-06-22 15:32:54Z,,,,,,,SMTP:becariomkt@supraterra.com.mx+smtp:bpublicidad@supraterra.onmicrosoft.com,
Becario Tecnologias,True,btecnologias@supraterra.com.mx,869e9bb3-d9db-48df-9c87-e44335d7de71,Becario,Tecnologias,2024-04-30 18:18:48Z,,,,,,,,,,MX,2024-08-08 19:13:13Z,False,Unlicensed,True,2025-01-21 18:34:18Z,,,,,,,SMTP:btecnologias@supraterra.com.mx+smtp:btecnologias@supraterra.onmicrosoft.com,
Becario Tesoreria,True,btesoreria@supraterra.com.mx,bb5a34ba-7b45-4aed-8a57-1d66a269004e,Becario,Tesoreria,2024-04-30 18:18:55Z,,,,,,,,,,MX,2024-10-07 15:44:56Z,False,Microsoft 365 Empresa Estándar,True,2026-03-03 17:28:09Z,,,,,,,SMTP:btesoreria@supraterra.com.mx+smtp:btesoreria@supraterra.onmicrosoft.com,
Berenice Vega,True,bvega@supraterra.com.mx,968382e9-74b0-41e3-ac82-18e11a9e2ba5,Berenice,Vega Rodríguez,2024-04-30 18:19:01Z,,,Aboga de Desarrollo,Jurídico,,El Marques,Mexico,QBP,Queretaro,MX,2024-11-13 17:33:26Z,False,Microsoft 365 Empresa Estándar+Archivado de Exchange Online para Exchange Online+Microsoft Power Automate Free,True,2025-12-08 16:09:50Z,,4811,76169,,,,SMTP:bvega@supraterra.com.mx+smtp:bvega@supraterra.onmicrosoft.com,
Bernando Fraga Hernandez,True,I-64@supraterra.onmicrosoft.com,62a13f2d-a56b-4fde-8f68-7e34c4f35fd9,Bernando,Fraga Hernandez,2024-04-30 18:18:52Z,,,,,,,,,,,2024-12-10 11:55:58Z,False,Unlicensed,True,2024-07-12 20:39:24Z,,,,,,,,
Bernardo Alcaraz Gomez,True,balcaraz@supraterra.com.mx,907e8f66-1f57-44c6-b15e-59197b3be13e,Bernardo,Alcaraz Gomez,2024-04-30 18:18:48Z,,,,,,,,Obra - Zibata,,MX,2024-04-30 18:18:48Z,False,Microsoft 365 Empresa Estándar+Microsoft Power Automate Free,True,2025-10-20 16:32:40Z,,,,,,,SMTP:balcaraz@supraterra.com.mx+smtp:balcaraz@supraterra.onmicrosoft.com,
Bernardo Fraga Hernandez,True,bfraga@nuevorefugio.com,773d4744-35d5-4b09-9afc-09f786c4d098,Bernardo,Fraga Hernandez,2024-04-25 22:51:15Z,,,,,,El Marques,Mexico,Nuevo Refugio,Queretaro,MX,2024-07-03 23:02:35Z,False,Unlicensed,True,2024-07-12 20:40:38Z,,4425006000,76269,,,,SMTP:bfraga@nuevorefugio.com+smtp:bfraga@supraterra.onmicrosoft.com+smtp:bfraga@zaru.mx,
Bit Mexico,True,bitmx@supraterra.onmicrosoft.com,caeded01-b9ca-4ada-853a-299269f94bd3,Bit,Mexico,2024-04-30 18:18:51Z,,,,,,,,,,,2024-04-30 18:18:51Z,False,Unlicensed,True,2019-11-26 19:00:16Z,,,,,,,,
CAD El Refugio,True,cad@residencialelrefugio.com.mx,e7d0cdfa-a472-43fb-bd76-6376cbf56131,CAD,El Refugio,2024-04-25 22:49:05Z,,,,,,El Marques,,,Queretaro,MX,2024-10-14 15:22:12Z,False,Microsoft 365 Empresa Estándar+Archivado de Exchange Online para Exchange Online+Microsoft Power Automate Free,True,2026-01-27 19:01:38Z,,3004,,,,,SMTP:cad@residencialelrefugio.com.mx+smtp:cad@supraterra.onmicrosoft.com+smtp:cad@nuevorefugio.com,
CAD Macrolotes,True,cad_desarrolladores@zibata.com,ae50392e-6927-4a0e-a8da-69f8b93d4b69,CAD,Macrolotes,2024-04-30 18:18:56Z,,,Analista de Proyectos Macrolotes,CAD,,El Marques,Mexico,,Queretaro,MX,2024-09-02 15:39:11Z,False,Microsoft 365 Empresa Estándar+Archivado de Exchange Online para Exchange Online,True,2026-04-10 18:22:41Z,,1013,76269,,,,SMTP:cad_desarrolladores@zibata.com+smtp:cad_macrolotes@supraterra.onmicrosoft.com,
CAD Ref2,True,cadref2@supraterra.onmicrosoft.com,f021d7d8-6565-4377-ac94-bf2c5b468fa0,CAD,Ref2,2024-04-30 18:18:48Z,,,,,,El Marques,,,Queretaro,,2024-04-30 18:18:47Z,False,Unlicensed,True,2021-10-18 16:50:26Z,,,,,,,,
CAD Unifamiliares,True,cad_unifamiliares@zibata.com,75c3a88b-dc94-4565-ba80-20755aebea8f,CAD,Unifamiliares,2024-06-28 15:56:40Z,,,Anaslista de Diseño Arquitectonico,CAD ZIBATA,,El Marques,Mexico,Zibata,Queretaro,MX,2024-09-30 15:35:30Z,False,Archivado de Exchange Online para Exchange Online+Microsoft 365 Empresa Estándar+Microsoft Power Automate Free,True,2025-03-19 17:54:03Z,,1012,76269,,,,SMTP:cad_unifamiliares@zibata.com+smtp:cad_unifamiliares@supraterra.onmicrosoft.com,
Cad Urban Corridor,True,cad@urbancorridor.com.mx,ac3bd5dc-b66d-49c2-a074-acfa87de6db3,Cad,Urban Corridor,2024-04-30 18:18:57Z,,,,,,El Marques,Mexico,,Queretaro,MX,2024-12-06 19:22:45Z,False,Microsoft 365 Empresa Estándar+Microsoft Power Automate Free,True,2026-01-27 19:02:10Z,,2008,76146,,,,SMTP:cad@urbancorridor.com.mx+smtp:lsantiago@supraterra.onmicrosoft.com,
CAD Zirandaro,True,cad@zirandaro.com.mx,84470c20-fc23-41a3-a242-323660e13065,CAD,Zirandaro,2024-04-30 18:18:55Z,,,,,,,,,,MX,2024-06-26 00:23:31Z,False,Microsoft 365 Empresa Estándar,True,2024-06-25 00:08:15Z,,,,,,,smtp:cadzirandaro@supraterra.onmicrosoft.com+SMTP:cad@zirandaro.com.mx,
Caja Zibatá,True,caja@zibata.com,a39f97f6-2fba-412f-867c-ace5e42c7d2e,Caja,Zibatá,2024-04-30 18:18:47Z,,,,,,,,,,MX,2024-07-03 23:02:35Z,False,Microsoft 365 Empresa Básico,True,2024-07-02 19:14:50Z,,,,,,,SMTP:caja@zibata.com+smtp:czibata@supraterra.onmicrosoft.com+smtp:comprobantes@zibata.com,
Cajero Qrobus,True,cqrobus@supraterra.onmicrosoft.com,563c597f-d04a-4b64-ba2a-e99a2e70bc2c,Cajero,Qrobus,2024-04-30 18:18:51Z,,,,,,,,,,,2024-04-30 18:18:51Z,False,Unlicensed,True,2022-12-27 16:38:10Z,,,,,,,,
Callcenter Cobranza - Planeación F,True,callcenter1@supraterra.com.mx,7b2e55c8-a59a-4ccd-86e4-18322a91b90c,callcenter1,Cobranza - Planeación F,2024-04-30 18:19:01Z,,,,Planeacion Financiera,,Santiago de Queretaro,Mexico,QBP-Corporativo,Queretaro,MX,2024-09-17 15:22:38Z,False,Microsoft 365 Empresa Estándar+Microsoft Power Automate Free,True,2026-03-30 18:22:15Z,,4800,76100,,,,SMTP:callcenter1@supraterra.com.mx+smtp:callcenter1@supraterra.onmicrosoft.com,
Callcenter2 Cobranza - Planeacion F,True,callcenter2@supraterra.com.mx,5c6ef2cc-3a44-4a3a-a284-e3aef12cac10,Callcenter2,Cobranza - Planeacion F,2024-04-30 18:19:01Z,,,,Planeacion Financiera,,Santiago de Queretaro,Mexico,QBP-Corporativo,Queretaro,,2024-04-30 18:19:08Z,False,Unlicensed,True,2024-04-30 18:19:01Z,,4801,76100,,,,SMTP:callcenter2@supraterra.com.mx,
Capacitacion SPS,True,capsps@supraterra.onmicrosoft.com,147e7f83-51e1-4b22-ab86-a2b401140539,Capacitacion,SPS,2024-04-30 18:18:48Z,,,,,,,,,,MX,2024-04-30 18:18:48Z,False,Unlicensed,True,2020-02-25 19:14:24Z,,,,,,,SMTP:capsps@supraterra.onmicrosoft.com,
Capacitaciones Supraterra,False,capacitacion@supraterra.com.mx,59034149-0ce5-49a6-a8cb-47ff1e40d118,Capacitaciones,Supraterra,2024-06-21 20:07:37Z,,,,,,,Mexico,,,MX,,False,Microsoft Power Automate Free+Microsoft Fabric (Gratis),True,2025-10-27 17:21:40Z,,,,,,,SMTP:capacitacion@supraterra.com.mx,
Carlos  Ramirez,False,cramirez@supraterra.com.mx,2ed823c9-d7d3-4ce6-a1e3-fc6f15017053,Carlos,Ramirez,2024-12-27 21:30:44Z,,,,,,,,,,MX,,False,Unlicensed,True,2024-12-27 21:30:44Z,,,,,,,SMTP:cramirez@supraterra.com.mx,
Carlos Alexis Cuiniche Arias,True,carias@supraterra.com.mx,f2fd91ee-09fa-4ce4-a0c7-ea3977df3381,Carlos Alexis,Cuiniche Arias,2024-06-28 21:26:53Z,,,,,,,,,,MX,2024-10-23 16:44:19Z,False,Unlicensed,True,2025-11-10 19:48:48Z,,4872,,,,,SMTP:carias@supraterra.com.mx+smtp:carias@supraterra.onmicrosoft.com,
Carlos Castellanos Rodrigez,True,ccastellanos@supraterra.com.mx,4d3b8b19-e170-4a8b-a116-dc6c84d416ad,Carlos,Castellanos Rodrigez,2024-04-30 18:18:52Z,,,AUXILIAR ADMINISTRATIVO,,,El Marques,,ZIBATA,Queretaro,MX,2024-10-15 23:24:22Z,False,Microsoft 365 Empresa Estándar+Archivado de Exchange Online para Exchange Online+Microsoft Power Automate Free+Microsoft Fabric (Gratis),True,2024-10-15 22:59:47Z,,1041,,,,,SMTP:ccastellanos@supraterra.com.mx+smtp:ccastellanos@supraterra.onmicrosoft.com,
Carlos Jesus  Ramírez Perez,True,atencion@colonoszirandaro.com,584e991f-71eb-4597-945b-86011aab0130,Carlos Jesus,Ramírez Perez,2024-04-30 18:18:55Z,,,,,,,,Zirandaro,,MX,2024-11-11 15:31:41Z,False,Unlicensed,True,2025-09-11 19:15:52Z,,,,,,,SMTP:atencion@colonoszirandaro.com+smtp:jelizalde@supraterra.onmicrosoft.com+smtp:gardenias.admon@zirandaro.com.mx,
Carlos Joaquín Betancourt Salazar,True,cbetancourt@zibata.com,a17bee05-a168-4f07-bd0f-cb0cfa4043be,Carlos Joaquín,Betancourt Sa,2024-04-30 18:18:52Z,,,,,,El Marques,Mexico,,Queretaro,MX,2024-04-30 18:18:52Z,False,Microsoft 365 Empresa Básico,True,2022-09-14 17:01:25Z,,,76169,,,,SMTP:cbetancourt@zibata.com+smtp:cbetancourt@supraterra.onmicrosoft.com,
Carlos Rodrigo Resendiz López,True,cresendiz@stirapuato.mx,f0f0d2df-ac42-4004-bd3c-079598a4f76f,Carlos Rodrigo,Resendiz López,2024-04-30 18:18:54Z,,,,,,,,,,MX,2024-06-25 18:53:15Z,False,Unlicensed,True,2024-05-20 23:43:30Z,,,,,,,SMTP:cresendiz@stirapuato.mx+smtp:supobra@supraterra.onmicrosoft.com,
Carolina Gonzalez Montiel,True,cmontiel@supraterra.com.mx,c93592e3-bd8e-4330-be46-54b49e99134e,Carolina,Gonzalez Montiel,2024-04-30 18:18:54Z,,,,,,,,,,MX,2024-05-30 01:25:07Z,False,Unlicensed,True,2024-05-30 01:02:32Z,,4833,,,,,SMTP:cmontiel@supraterra.com.mx+smtp:cmontiel@supraterra.onmicrosoft.com,
ccuinichearias,False,ccuinichearias_gmail.com#EXT#@supraterra.onmicrosoft.com,40f993be-3191-41e3-ae9e-7c86cf73e7b4,,,2026-09-04 17:58:07Z,,,,,,,,,,,,False,Unlicensed,True,2026-09-04 17:58:07Z,,,,,,,SMTP:ccuinichearias@gmail.com,
cecom zibata,True,cecom01@supraterra.onmicrosoft.com,8dcdbb78-94fa-4a85-915d-6f31f65984f3,cecom,zibata,2024-04-30 18:19:01Z,,,,Information Tecnology and Solutions,,Santiago de Queretaro,Mexico,,Queretaro,,2024-04-30 18:19:08Z,False,Unlicensed,True,2018-08-14 00:51:24Z,,,76100,,,,,
Cecom Zibata,True,cecom@supraterra.onmicrosoft.com,b218e28e-98cd-41dc-abb8-53e48e678896,Cecom,Zibata,2024-04-30 18:18:47Z,,,,,,,,,,,2024-04-30 18:18:47Z,False,Unlicensed,True,2022-10-05 17:21:40Z,,,,,,,,
Cesar Alfredo Rangel Romero,True,admon_aux@supraterra.com.mx,17db5313-f64c-4ffe-b6a4-3d137d7133fd,Cesar Alfredo,Rangel Romero,2024-04-30 18:18:47Z,,,,,,,,,,MX,2024-11-25 16:13:44Z,False,Unlicensed,True,2024-09-09 17:33:42Z,,4826,,,,,SMTP:admon_aux@supraterra.com.mx+smtp:crangel@supraterra.onmicrosoft.com+smtp:crangel@supraterra.com.mx,
Cesar Alfredo Rangel Romero,True,supervisionac@urbancorridor.com.mx,827d541a-2be4-42a1-895f-729fb287602a,Cesar Alfredo,Rangel Romero,2024-10-21 20:12:14Z,,,,,,,,,,MX,2024-12-09 23:55:30Z,False,Microsoft 365 Empresa Básico+Microsoft Power Automate Free,True,2026-02-26 17:05:02Z,,3017,,,,,SMTP:supervisionac@urbancorridor.com.mx+smtp:supervisorac@supraterra.onmicrosoft.com+smtp:crangel@urbancorridor.com.mx,
Cesar González Vega,True,cgonzalez@zibata.com,7cfeeafa-1ffb-4544-826d-a1ac324f1b2a,Cesar,González Vega,2024-04-30 18:18:52Z,,,,,,,,,,MX,2024-12-05 01:21:32Z,False,Unlicensed,True,2024-12-05 00:52:05Z,,,,,,,SMTP:cgonzalez@zibata.com+smtp:cgonzalez@supraterra.onmicrosoft.com,
Christyan Oswaldo Chavez Arreguin,True,cchavez@supraterra.com.mx,b32f8a8f-a99f-430c-82d8-07990e3c4229,Christyan Oswaldo,Chavez Arreguin,2024-04-30 18:18:55Z,,,,,,Santiago de Queretaro,,Zakia,Queretaro,,2024-04-30 18:18:54Z,False,Unlicensed,True,2024-04-30 18:18:55Z,,,,,,,,
Cindy Paulina  Ríos Sotelo,False,controlppto@supraterra.com.mx,0057ae23-4930-4b5e-bf38-5f83f41c666f,Cindy Paulina,Ríos Sotelo,2025-10-09 23:30:50Z,,,,,,,,,,MX,,False,Microsoft 365 Empresa Estándar,True,2026-07-01 18:44:24Z,,,,,,,SMTP:controlppto@supraterra.com.mx,
Claudia Elisa Villazana Zapatero,True,administracion@colonoszirandaro.com,4bc1598f-341e-43b0-b1e4-74cf9b479595,Claudia Elisa,Villazana Zapatero,2024-04-30 18:18:54Z,,,,,,,,Zirandaro,,MX,2024-11-11 15:31:41Z,False,Microsoft 365 Empresa Básico+Microsoft Power Automate Free,True,2025-01-29 18:30:54Z,,,,,,,SMTP:administracion@colonoszirandaro.com+smtp:cvillazana@supraterra.onmicrosoft.com+smtp:admon.lavanda@zirandaro.com.mx,
clauss_padilla,False,clauss_padilla_hotmail.com#EXT#@supraterra.onmicrosoft.com,84661855-dac3-4e9b-b05a-dfc6ca250594,,,2026-08-06 18:01:28Z,,,,,,,,,,,,False,Unlicensed,True,2026-08-06 18:01:27Z,,,,,,,SMTP:clauss_padilla@hotmail.com,
CM BACKUP,True,cmbackup@supraterra.onmicrosoft.com,366e435a-30a6-4d00-80ca-df04c9bcb261,CM,BACKUP,2024-04-30 18:18:47Z,,,,,,,,,,,2024-04-30 18:18:47Z,False,Unlicensed,True,2020-12-02 21:25:53Z,,,,,,,,
CMONITOREO1 ZIBATÁ,True,c4host1@supraterra.onmicrosoft.com,0ae79c6c-65c0-450e-88e6-e1c3e270dc25,CMONITOREO1,ZIBATÁ,2024-04-30 18:18:48Z,,,,,,El Marques,Mexico,Portico Principal Zibata,Queretaro,,2024-04-30 18:18:48Z,False,Unlicensed,True,2018-09-18 23:47:22Z,,"1300,1301,1302,13,1303",76269,,Cto. Universidades SN,,,
Cobranza Nuevo Refugio,True,cobranza@nuevorefugio.com,97c634b6-3db5-4214-88de-f8a46c991af3,Cobranza,Nuevo Refugio,2024-06-06 16:59:14Z,,,,,,,,,,MX,2024-09-23 15:58:09Z,False,Microsoft Power Automate Free+Microsoft 365 Empresa Básico,True,2024-09-23 15:47:54Z,,3005,,,,,SMTP:cobranza@nuevorefugio.com+smtp:adominguez@supraterra.onmicrosoft.com+smtp:cobranza@zaru.mx+smtp:comprobantes@nuevorefugio.com+smtp:comprobantes@zaru.mx,
Cobranza SPS,True,cobranzasps@supraterra.onmicrosoft.com,9b41adfd-a8c0-44bd-98b8-bd5c6139eb98,Cobranza,SPS,2024-06-26 16:54:25Z,,,COBRANZA,,,Queretaro,,SPS,Queretaro,,2024-10-30 18:21:21Z,False,Unlicensed,True,2017-10-27 21:01:23Z,,,,,,,,
Comite SPS,True,spscomite@supraterra.onmicrosoft.com,3ad498e5-9287-480a-8ad9-cdc7e74d0c56,Comite,SPS,2024-04-30 18:18:49Z,,,,,,,,,,,2024-04-30 18:18:49Z,False,Unlicensed,True,2021-05-05 17:38:14Z,,,,,,,,
Comprobantes Zirándaro,True,comprobantes@zirandaro.com.mx,eecd7d59-80fd-4322-a380-f65c53d60b8b,Comprobantes,Zirándaro,2024-06-25 19:53:18Z,,,,,,,,,,MX,2024-06-25 19:53:17Z,False,Microsoft 365 Empresa Básico,True,2026-05-20 15:52:47Z,,,,,,,SMTP:comprobantes@zirandaro.com.mx+smtp:comprobantes@supraterra.onmicrosoft.com,
Conferencias Supraterra,True,csupraterra@supraterra.onmicrosoft.com,91d0be5b-94e7-4dc1-9f36-260bfe563b02,Conferencias,Supraterra,2024-05-02 20:20:42Z,,,,,,,,,,,2024-05-02 20:20:42Z,False,Unlicensed,True,2024-05-02 20:07:48Z,,,,,,,,
Consuelo Muñoz Castillo,True,cmunoz@zibata.com,13575fbd-994e-499b-a8cc-563158cae0e8,Consuelo,Muñoz Castillo,2024-04-30 18:18:52Z,,,,,,El Marques,Mexico,,Queretaro,MX,2024-07-08 17:10:50Z,False,Microsoft 365 Empresa Básico,True,2025-02-27 19:34:39Z,,,76169,,,,SMTP:cmunoz@zibata.com+smtp:cmu_oz@supraterra.onmicrosoft.com,
Control Seguridad,True,control@seguridadzibata.com,b0b24019-bc22-4fbc-8684-ac0ceda45477,Control,Seguridad,2024-07-08 18:40:52Z,,,,,,,,,,MX,2024-07-08 18:40:52Z,False,Microsoft 365 Empresa Básico,True,2024-07-08 18:12:11Z,,,,,,,SMTP:control@seguridadzibata.com+smtp:control@supraterra.onmicrosoft.com,
Coordinación de obra Zakia,True,coordinacionzakia@supraterra.com.mx,61eea43f-4f46-491e-90d9-e6d97d57e6a3,Coordinación de obra,Zakia,2024-04-30 18:18:50Z,,,,,,Santiago de Queretaro,,Zakia,Queretaro,,2024-04-30 18:18:50Z,False,Unlicensed,True,2024-04-30 18:18:50Z,,2003,,,,,,
Copia de REVISAR MI PLATAFORMA SH,False,CopiadeREVISARMIPLATAFORMASH@supraterra.com.mx,8eab3e42-165f-44b8-9692-4a366538315b,,,2025-03-05 15:01:50Z,,,,,,,,,,,,False,Unlicensed,True,2025-03-05 15:01:50Z,,,,,,,SMTP:CopiadeREVISARMIPLATAFORMASH@supraterra.com.mx,
Copia de REVISAR MI PLATAFORMA SH,False,CopiadeREVISARMIPLATAFORMASH1@supraterra.com.mx,fc71fd31-c8a4-4479-a6b4-60c8e58f71f1,,,2025-03-05 15:06:31Z,,,,,,,,,,,,False,Unlicensed,True,2025-03-05 15:06:30Z,,,,,,,SMTP:CopiadeREVISARMIPLATAFORMASH1@supraterra.com.mx,
Cristian Daniel  Vega Hernández,False,cvega@supraterra.com.mx,a2b35731-91b6-47ae-a8e5-e6b5b16cb4c7,Cristian Daniel,Vega Hernández,2025-10-20 23:57:27Z,,,,,,,,,,MX,,False,Microsoft 365 Empresa Estándar,True,2026-06-01 23:15:00Z,,,,,,,SMTP:cvega@supraterra.com.mx,
Cristina Haro Guerrero,True,concursos_obra@supraterra.com.mx,c7cdc9c6-c395-4e13-856e-e58d8c895f1a,Cristina,Haro Guerrero,2024-04-30 18:19:02Z,,,,Construccion - Obra,,El Marques,Mexico,,Queretaro,MX,2024-08-01 20:05:15Z,False,Unlicensed,True,2024-07-08 16:55:36Z,,1045,76269,,,,SMTP:concursos_obra@supraterra.com.mx+smtp:charo@supraterra.onmicrosoft.com+smtp:admon_obra@supraterra.com.mx,
Cristina Serrano,True,cserrano@zibata.com,4c56fea1-bc86-4d05-8244-d47b90c29bda,Maria Cristina,Serrano,2024-04-30 18:18:47Z,,,COORDINADORA DE VENTAS,,,El Marques,,ZIBATA,Queretaro,MX,2024-10-08 01:15:25Z,False,Microsoft 365 Empresa Premium+Microsoft Power Automate Free,True,2026-06-15 18:10:40Z,,1003,,,,,SMTP:direccion@residencialelrefugio.com.mx+smtp:ventas@supraterra.onmicrosoft.com+smtp:direccion@nuevorefugio.com+smtp:cserrano@zibata.com+smtp:direccion@zibata.com+smtp:direccion@zaru.mx,
Cruz Roja  Zibata,True,croja@supraterra.onmicrosoft.com,f057802a-8c6f-4937-9095-64ef9ded9374,Cruz,Roja  Zibata,2024-04-30 18:18:51Z,,,,,,,,,,,2024-04-30 18:18:51Z,False,Unlicensed,True,2020-08-24 15:25:16Z,,1053,,,,,,
Cuauhtemoc Larrieta,True,clarrieta@zibata.com,5ec56d81-0882-472e-885c-a5a7b08f1d0c,Cuauhtemoc,Larrieta,2024-04-30 18:18:54Z,,,AUXILIAR DE PROYECTOS,,,El Marques,,ZIBATA,Queretaro,MX,2024-11-25 15:13:42Z,False,Microsoft 365 Empresa Estándar+Archivado de Exchange Online para Exchange Online+Microsoft Power Automate Free,True,2025-10-20 21:22:56Z,,1010,,,,,SMTP:clarrieta@zibata.com+smtp:clarrieta@supraterra.onmicrosoft.com,
Danay Martínez Rocha,True,drocha@supraterra.com.mx,876f51c8-8ded-4f62-a90d-45b99a5f498f,Danay,Martínez Rocha,2024-04-30 18:18:52Z,,,,,,,,,,MX,2024-11-19 15:08:31Z,False,Unlicensed,True,2026-05-28 18:46:11Z,,4827,,,,,SMTP:drocha@supraterra.com.mx+smtp:drocha@supraterra.onmicrosoft.com,
Daniel Betancourt Sarmiento,True,dbetancourt@zibata.com,39595bba-5222-4745-89a4-e41f7e04f64a,Daniel,Betancourt Sarmiento,2024-12-09 20:55:24Z,,,,,,,,,,MX,2024-12-09 20:55:24Z,False,Microsoft 365 Empresa Básico,True,2025-01-14 23:26:06Z,,,,,,,SMTP:dbetancourt@zibata.com+smtp:dbetancourt@supraterra.onmicrosoft.com,
Daniel Michel Mendoza,True,dmichel@supraterra.com.mx,d098aaba-76fc-4e07-8a1f-34472e930c76,Daniel,Michel Mendoza,2024-04-30 18:18:52Z,,,,,,,,,,MX,2024-11-28 16:16:16Z,False,Microsoft 365 Empresa Estándar+Archivado de Exchange Online para Exchange Online+Microsoft Power Automate Free,True,2026-01-02 20:11:53Z,,4865,,,,,SMTP:dmichel@supraterra.com.mx+smtp:dmichel@supraterra.onmicrosoft.com,
Daniel Ruiz,True,druiz@supraterra.com.mx,27830ef2-c5b1-4c15-a7ec-845f861d5742,Luis Daniel,Ruiz,2024-04-30 18:19:01Z,,,COORDINADOR DE PLANEACION ESTRATEGICA,Comercializacion,,Santiago de Queretaro,Mexico,QBP-Corporativo,Queretaro,MX,2024-09-04 16:11:05Z,False,Microsoft 365 Empresa Básico+Archivado de Exchange Online para Exchange Online+Microsoft Power Automate Free,True,2024-09-04 15:40:02Z,,4845,76100,,,,SMTP:druiz@supraterra.com.mx+smtp:druiz@supraterra.onmicrosoft.com,
Daniela Ivette  López Ruiz,False,dlopez@supraterra.com.mx,20768940-40da-4a16-9bc2-a9bf3bbce847,Daniela Ivette,López Ruiz,2025-12-02 17:11:49Z,,,,,,,,,,MX,,False,Microsoft 365 Empresa Estándar,True,2026-09-17 16:34:21Z,,,,,,,SMTP:dlopez@supraterra.com.mx,
Daniela Morales Camargo,True,dmorales@supraterra.com.mx,24b54d99-1c0c-4754-b1f2-9f6f97ee7b39,Daniela,Morales Camargo,2024-04-30 18:18:55Z,,,,,,,,,,MX,2024-10-12 00:19:23Z,False,Power BI Pro+Microsoft 365 Empresa Estándar+Microsoft Power Automate Free+Microsoft Fabric (Gratis),True,2025-07-03 23:05:34Z,,4861,,,,,SMTP:dmorales@supraterra.com.mx+smtp:dmorales@supraterra.onmicrosoft.com,
Daniela Vargas Olvera,True,dvargas@zibata.com,532ce43a-d11b-4990-9014-1fab0dbe71bc,Daniela,Vargas Olvera,2024-04-30 18:18:55Z,,,,,,,,,,MX,2024-10-28 16:19:42Z,False,Microsoft 365 Empresa Estándar+Archivado de Exchange Online para Exchange Online,True,2024-10-28 16:13:22Z,,1026,,,,,smtp:dvargas@supraterra.onmicrosoft.com+SMTP:dvargas@zibata.com,
David Gómez,True,dgomez@supraterra.com.mx,d68ab895-42ee-4dde-bc26-4e668c5e6173,David,Gómez,2024-04-30 18:18:48Z,,,Coordinación de Mantenimiento Supraterra,,,El Marques,,ZIBATA,Queretaro,MX,2024-09-09 15:15:14Z,False,Microsoft 365 Empresa Básico+Archivado de Exchange Online para Exchange Online+Microsoft Power Automate Free,True,2026-03-31 16:47:17Z,,1022,,,,,SMTP:dgomez@supraterra.com.mx+smtp:dgomez@supraterra.onmicrosoft.com,
David Villegas Sánchez,True,dvillegas@stirapuato.mx,09c8e78d-ce42-4056-8644-ec2899d5750e,David,Villegas Sánchez,2024-04-30 18:19:02Z,,,,Proyectos de Obra,,El Marques,Mexico,Direccion de Obra-Zibatá,Queretaro,MX,2024-10-18 21:39:09Z,False,Archivado de Exchange Online para Exchange Online+Microsoft 365 Empresa Estándar+Microsoft Power Automate Free,True,2025-10-20 18:22:28Z,,1039,76269,,,,SMTP:dvillegas@stirapuato.mx+smtp:dvillegas@supraterra.onmicrosoft.com,
David Zea de Jesus,True,djesus@supraterra.onmicrosoft.com,c62176a7-21c8-44cc-98cc-1ef416e74b11,David,Zea de Jesus,2024-04-30 18:18:50Z,,,,,,,,QBP-Corporativo,,,2024-04-30 18:18:50Z,False,Unlicensed,True,2024-02-07 23:26:58Z,,4878,,,,,SMTP:djesus@supraterra.com.mx,
Dayra Isabel  Granados Lopez,False,dgranados@supraterra.com.mx,88c80fcd-3ab7-4215-8e12-eb17478499fa,Dayra Isabel,Granados Lopez,2025-06-02 20:12:58Z,,,,,,,,,,MX,,False,Microsoft 365 Empresa Básico,True,2026-06-05 15:29:07Z,,,,,,,SMTP:dgranados@supraterra.com.mx,
Deborah Elias Gonzalez,True,delias@stirapuato.mx,ba4798d1-9fda-4411-9983-f8a2e19872a3,Deborah,Elias Gonzalez,2024-04-30 18:18:53Z,,,,,,,,,,MX,2024-10-07 15:44:56Z,False,Microsoft 365 Empresa Básico+Microsoft Power Automate Free,True,2026-04-21 00:01:18Z,,1051,,,,,smtp:delias@supraterra.onmicrosoft.com+SMTP:delias@stirapuato.mx,
Denise Yovanna Gonzalez Trejo,True,ygonzalez@supraterra.com.mx,158388bc-dc36-4777-92a5-33927b163f93,Denise Yovanna,Gonzalez Trejo,2024-04-30 18:18:55Z,,,,,,,,,,MX,2024-11-11 16:01:39Z,False,Microsoft 365 Empresa Estándar+Microsoft Power Automate Free,True,2025-04-02 18:14:11Z,,,,,,,SMTP:ygonzalez@supraterra.com.mx+smtp:ygonzalez@supraterra.onmicrosoft.com,
Diego Roberto Ordaz Estrada,True,dordaz@supraterra.com.mx,15cf357a-d6c1-4320-8a59-66a7b52a178a,Diego Roberto,Ordaz Estrada,2024-04-30 18:18:59Z,,,Technical Support,Information Tecnology and Solutions,,,,QBP-Corporativo,,MX,2024-11-19 23:38:50Z,False,Microsoft 365 Empresa Premium+Microsoft Power Automate Free,True,2024-12-18 15:27:01Z,,4879,,,,,SMTP:dordaz@supraterra.com.mx+smtp:dordaz@supraterra.onmicrosoft.com+smtp:dordaz@zibata.com+smtp:monitoreo@zibata.com,
Dirección  Finanzas,False,dfinanzas@supraterra.com.mx,8f8ef929-9926-4092-ab78-672083acd067,Dirección,Finanzas,2025-04-04 20:26:58Z,,,,,,,,,,MX,,False,Microsoft 365 Empresa Básico,True,2025-04-04 20:26:58Z,,,,,,,SMTP:dfinanzas@supraterra.com.mx,
Direccion Ventas Zibata,True,DirvtasZB@supraterra.onmicrosoft.com,6240b5fd-b886-4d89-9a4e-4ef055bf6139,Direccion,Ventas Zibata,2024-04-30 18:18:49Z,,,,,,,,,,,2024-04-30 18:18:49Z,False,Unlicensed,True,2017-11-16 15:35:50Z,,,,,,,,
Edgar Saravia Hernández,True,esaravia@supraterra.com.mx,0ff009e6-240c-43c7-bd58-b915a6be330a,Edgar Saravia Hernández,,2024-04-30 18:18:48Z,,,,,,El Marques,,,Queretaro,,2024-04-30 18:18:48Z,False,Unlicensed,True,2019-04-17 14:28:14Z,,,,,,,,
Edmundo Alvarez Aguilar,True,administracion@supraterra.com.mx,66fd1b43-ea6f-4e7e-880d-338a3837c04e,Edmundo,Alvarez Aguilar,2024-10-07 16:14:58Z,,,,,,,,,,MX,2024-11-13 18:03:28Z,False,Unlicensed,True,2026-01-29 00:12:10Z,,,,,,,SMTP:administracion@supraterra.com.mx+smtp:adminspt@supraterra.onmicrosoft.com,
Edmundo Cruz Medina,True,ecruz@supraterra.com.mx,9902ea53-b755-4580-93da-85056084fbd1,Edmundo,Cruz Medina,2024-04-30 18:18:59Z,,,Costos obra,Proyectos de Obra,,El Marques,Mexico,Zibatá,Queretaro,MX,2024-11-04 23:25:55Z,False,Microsoft 365 Empresa Estándar+Archivado de Exchange Online para Exchange Online+Microsoft Power Automate Free,True,2025-02-19 18:33:38Z,,1047,76269,,,,SMTP:ecruz@supraterra.com.mx+smtp:ecruz@supraterra.onmicrosoft.com,
Eduardo Carrera Perrusquia,True,ecarrera@zibata.com,184cc51c-48db-4118-b329-2811180b2418,Eduardo,Carrera Perrusquia,2024-04-30 18:18:45Z,,,,,,,,,,MX,2024-08-02 21:06:15Z,False,Microsoft 365 Empresa Básico,True,2026-01-08 19:21:59Z,,,,,,,SMTP:ecarrera@zibata.com+smtp:ecarrera@supraterra.onmicrosoft.com,
Eduardo Ibarra Montoya,True,eibarra@supraterra.com.mx,ed7277f4-b7d1-4b47-83ff-b94360b26911,Eduardo,Ibarra Montoya,2024-04-30 18:18:53Z,,,,,,,,,,MX,2024-11-19 15:38:32Z,False,Microsoft Power Automate Free+Microsoft 365 Empresa Estándar,True,2024-11-19 15:20:43Z,,4836,,,,,SMTP:eibarra@supraterra.com.mx+smtp:eibarra@supraterra.onmicrosoft.com,
Eduardo Vicente Ruíz Barrios,True,eruiz@zibata.com,41c2ac89-8988-4939-9133-72cbe1f019fc,Eduardo Vicente,Ruíz Barrios,2024-04-30 18:18:52Z,,,,,,El Marques,Mexico,,Queretaro,MX,2024-04-30 18:18:52Z,False,Microsoft 365 Empresa Básico,True,2022-09-02 16:27:20Z,,,76169,,,,SMTP:eruiz@zibata.com+smtp:eruiz@supraterra.onmicrosoft.com,
Elías Fernández Badillo,True,efernandez@supraterra.onmicrosoft.com,b5ed9824-100a-4ad4-9b6b-5a9e1680ef9e,Elías,Fernández Badillo,2024-04-30 18:18:53Z,,,,,,,,,,,2024-04-30 18:18:52Z,False,Unlicensed,True,2023-12-13 01:04:54Z,,4880,,,,,,
Elva Doni Cortez Sanchez,True,ecortez@supraterra.com.mx,bf0a18ba-9d34-453d-a3e7-bd970d6288a5,Elva Doni,Cortez Sanchez,2024-04-30 18:18:50Z,,,,,,,,,,MX,2024-09-30 16:35:33Z,False,Unlicensed,True,2026-05-12 17:26:54Z,,4862,,,,,SMTP:ecortez@supraterra.com.mx+smtp:ecortez@supraterra.onmicrosoft.com+smtp:cadministracion@supraterra.com.mx,
Elvia Gomez,True,archivo@zibata.com,62b5de83-b27e-486d-bd61-55226cb48956,Elvia,Gomez,2024-04-30 18:19:02Z,,,ARCHIVO VENTAS,Ventas,,El Marques,Mexico,ZIBATA,Queretaro,MX,2024-10-22 18:13:16Z,False,Microsoft 365 Empresa Básico+Microsoft Power Automate Free,True,2025-07-08 19:40:53Z,,1009,76269,,Cto. Universidades SN,,SMTP:archivo@zibata.com+smtp:archivo@supraterra.onmicrosoft.com,
Emilio Salas Martell,True,esalas@nuevorefugio.com,f407dac1-2b41-48eb-b376-f67849cb50f6,Emilio,Salas Martell,2024-04-25 22:45:32Z,,,,,,,,Nuevo Refugio,,MX,2024-10-17 20:26:16Z,False,Microsoft 365 Empresa Básico,True,2025-01-08 16:50:45Z,,,,,,,SMTP:esalas@nuevorefugio.com+smtp:esalas@supraterra.onmicrosoft.com,
enczibata,True,enczibata@supraterra.onmicrosoft.com,40d47aa5-061c-4e72-b75b-ac4aec558436,enczibata,,2024-04-30 18:18:50Z,,,,,,,,,,,2024-04-30 18:18:50Z,False,Unlicensed,True,2017-05-03 22:12:33Z,,1044,,,,,,
Erendira Gabriela Velazquez Alvarez,True,evelazquez@supraterra.com.mx,2a31b28b-b778-42ac-9fe3-938c2804a151,Erendira Gabriela,Velazquez Alvarez,2024-04-30 18:18:53Z,,,,,,,,,,MX,2024-11-25 15:43:44Z,False,Microsoft 365 Empresa Estándar,True,2024-11-25 15:34:32Z,,4863,,,,,SMTP:evelazquez@supraterra.com.mx+smtp:evelazquez@supraterra.onmicrosoft.com+smtp:asanchez@supraterra.com.mx,
Escaner,True,scaner@supraterra.onmicrosoft.com,6e11414b-d2d9-476c-b355-012aaaf9d616,Escaner,,2024-04-30 18:18:50Z,,,,,,,,,,,2024-04-30 18:18:50Z,False,Unlicensed,True,2017-03-03 20:42:58Z,,,,,,,,
Esmeralda Zavala Murguía,True,gerencia@colonoszirandaro.com,3718854b-b091-44fc-802f-76e3b9e805d1,Hortencia Esmeralda,Zavala Murguía,2024-04-30 18:18:55Z,,,,,,,,Zirandaro,,MX,2024-11-25 16:13:44Z,False,Teams Premium (para departamentos)+Microsoft 365 Empresa Estándar+Microsoft Power Automate Free,True,2025-01-29 18:30:20Z,,,,,,,SMTP:gerencia@colonoszirandaro.com+smtp:ezavala@supraterra.onmicrosoft.com,
Estanislao Garcia Morales,True,egarcia@supraterra.onmicrosoft.com,9c7dfe01-66b9-4d8e-96d2-1a33ff8beefe,Estanislao,Garcia Morales,2024-04-30 18:18:52Z,,,,,,,,,,,2024-04-30 18:18:51Z,False,Unlicensed,True,2022-04-04 14:34:06Z,,,,,,,,
Estefanya Guerra Ugalde,True,cad@zibata.com,a1e2e551-2e26-405e-92c5-ddbac86cdbb9,Estefanya,Guerra Ugalde,2024-06-27 18:25:36Z,,,Analista de Proyectos Macrolotes,Planeacion Financiera,,El Marques,Mexico,Zibatá,Queretaro,MX,2024-12-10 11:55:58Z,False,Microsoft 365 Empresa Estándar+Archivado de Exchange Online para Exchange Online+Microsoft Power Automate Free,True,2026-07-23 23:00:01Z,,1032,76269,,,,SMTP:cad@zibata.com+smtp:cad1986@supraterra.onmicrosoft.com,
Estela Galán,True,egalan@nuevorefugio.com,87895ae4-bb84-4ba0-8854-6deb3c095463,Estela,Galán Vázquez,2024-04-25 22:51:20Z,,,,,,El Marques,Mexico,Nuevo Refugio,Queretaro,MX,2024-07-09 18:42:07Z,False,Microsoft 365 Empresa Básico+Microsoft Power Automate Free,True,2025-01-02 18:17:41Z,,442 5006000,76269,,,,SMTP:egalan@nuevorefugio.com+smtp:egalan@supraterra.onmicrosoft.com,
Estela Galan Velazquez,True,I-60@supraterra.onmicrosoft.com,3ec23dd3-e2f4-4d39-b182-a078814338f4,Estela,Galan Velazquez,2024-04-30 18:18:52Z,,,,,,,,,,,2024-10-02 16:07:41Z,False,Unlicensed,True,2024-10-02 15:54:06Z,,,,,,,,
Fabiola Quintanilla Infante,False,fquintanilla@seguridadzibata.com,8972732d-714e-4f67-a701-c06ffad7eeb0,Fabiola,Quintanilla Infante,2026-05-11 17:24:17Z,,,,,,,,,,MX,,False,Microsoft 365 Empresa Estándar,True,2026-05-11 17:24:17Z,,,,,,,SMTP:fquintanilla@seguridadzibata.com,
Fanny Flores González,True,fflores@supraterra.com.mx,948b78c2-6ad7-491b-9588-4d7413ffb109,Fanny,Flores González,2024-04-30 18:18:55Z,,,,,,,,,,MX,2024-10-07 15:44:56Z,False,Microsoft 365 Empresa Premium+Archivado de Exchange Online para Exchange Online,True,2024-10-07 15:21:01Z,,4846,,,,,SMTP:fflores@supraterra.com.mx+smtp:fflores@supraterra.onmicrosoft.com,
Francisco  González Vargas,False,fgonzalez@zirandaro.com.mx,c1104d11-c749-42d8-9905-5e5060bce8bb,Francisco,González Vargas,2025-06-12 00:26:46Z,,,,,,,,,,MX,,False,Unlicensed,True,2025-07-08 19:07:26Z,,,,,,,SMTP:fgonzalez@zirandaro.com.mx,
Francisco Chagoyan,True,fchagoyan@supraterra.onmicrosoft.com,6e402a9c-6307-438b-9af4-702b24873212,Francisco,Chagoyan,2024-04-30 18:18:48Z,,,COORDINADOR DE VENTAS,,,Leon,,ZANDA,Guanajuato,,2024-04-30 18:18:48Z,True,Unlicensed,True,2024-04-30 18:18:48Z,,,,,,,,
Freddy Abad Serrano,False,fserrano@stirapuato.mx,cca7c2c5-c340-44dd-8390-b89159251785,Freddy,Abad Serrano,2026-09-24 18:22:01Z,,,,,,,,,,MX,,False,Microsoft 365 Empresa Básico,True,2026-09-24 18:22:01Z,,,,,,,SMTP:fserrano@stirapuato.mx,
Gabriel Ruelas,True,gruelas@stirapuato.mx,259c4439-8c3f-46c6-9da5-61bb18368327,Gabriel,Ruelas,2024-04-25 22:45:34Z,,,,,,,,,,MX,2024-06-13 18:39:30Z,False,Unlicensed,True,2024-06-13 18:20:24Z,,1030,,,,,SMTP:gruelas@stirapuato.mx+smtp:gruelas@supraterra.onmicrosoft.com,
Gabriela  Barragán,False,bjuridico@supraterra.com.mx,523790f6-8a6a-4b08-90d2-07ae7a25f735,Gabriela,Barragán,2025-12-02 20:09:29Z,,,,,,,,,,MX,,False,Microsoft 365 Empresa Estándar,True,2026-02-20 16:03:33Z,,,,,,,SMTP:bjuridico@supraterra.com.mx,
Gabriela Torres Sanches,True,I-65@supraterra.onmicrosoft.com,e8fe0a8c-eeeb-4e8d-8683-180d5238a778,Gabriela,Torres Sanches,2024-04-30 18:18:51Z,,,,,,,,,,,2024-04-30 18:18:51Z,False,Unlicensed,True,2023-07-27 15:54:13Z,,,,,,,,
Gabriela Torres Sanchez,True,gtorres@nuevorefugio.com,29684cc4-7eb8-4e17-898e-73597d2724da,Gabriela,Torres Sanchez,2024-04-25 22:51:20Z,,,,,,El Marques,Mexico,Nuevo Refugio,Queretaro,MX,2024-06-26 17:54:29Z,False,Unlicensed,True,2024-06-26 17:27:12Z,,4425006000,76269,,,,SMTP:gtorres@nuevorefugio.com+smtp:gtorres@supraterra.onmicrosoft.com,
gctgestoria,False,gctgestoria_gmail.com#EXT#@supraterra.onmicrosoft.com,ed0a7efb-7e9f-4b36-8f93-466d309662e2,,,2026-09-15 20:23:00Z,,,,,,,,,,,,False,Unlicensed,True,2026-09-15 20:23:00Z,,,,,,,SMTP:gctgestoria@gmail.com,
Georgina Castro Fernández,False,nominas@supraterra.com.mx,9bd451fe-d589-4ba2-8077-138378095da7,Georgina,Castro Fernández,2025-06-04 17:12:01Z,,,,,,,,,,MX,,False,Microsoft 365 Empresa Estándar,True,2026-04-08 15:48:58Z,,,,es-MX,,,SMTP:nominas@supraterra.com.mx,
Gerardo Kirchner Plascencia,True,gkirchner@supraterra.com.mx,0656f2ce-9c1b-4995-af3e-6b9416f5ab7b,Gerardo,Kirchner Plascencia,2024-04-30 18:19:01Z,,,,Direccion de Finanzas,,Santiago de Queretaro,Mexico,Corporativo QBP,Queretaro,MX,2024-09-17 15:22:38Z,False,Power BI Pro+Microsoft 365 Empresa Premium,True,2024-09-17 15:11:06Z,,4868,76100,,Av. Antea 1088,,SMTP:gkirchner@supraterra.com.mx+smtp:gkirchner@supraterra.onmicrosoft.com,
Gerardo Ramirez Morales,True,gramirez@supraterra.onmicrosoft.com,1aefbd3e-7457-45ba-bb4a-90b4d7ae05b4,Gerardo,Ramirez Morales,2024-04-30 18:18:49Z,,,,,,,,,,,2024-04-30 18:18:49Z,False,Unlicensed,True,2022-03-22 23:52:56Z,,,,,,,,
Gerardo Vázquez Gallo,True,gvazquez@supraterra.com.mx,0ff7d14f-e362-4927-9743-c81e4089673b,Gerardo,Vázquez Gallo,2024-04-30 18:19:02Z,,,COORDINADOR DE COSTOS Y PRESUPUESTOS,Construccion - Obra,,El Marques,Mexico,Direccion de Obra-Zibatá,Queretaro,MX,2024-11-07 17:28:21Z,False,Microsoft 365 Empresa Estándar+Microsoft Power Automate Free,True,2024-12-17 23:16:22Z,,1046,76269,,,,SMTP:gvazquez@supraterra.com.mx+smtp:gvazquez@supraterra.onmicrosoft.com,
gerencia.finanzas,False,gerencia.finanzas_colonoszibata.com#EXT#@supraterra.onmicrosoft.com,ff2d946d-8f78-493c-a0e3-d75ae549c82d,,,2026-07-23 16:11:31Z,,,,,,,,,,,,False,Unlicensed,True,2026-07-23 16:11:31Z,,,,,,,SMTP:gerencia.finanzas@colonoszibata.com,
Gersón  Arteaga Rodríguez,False,garteaga@supraterra.com.mx,a6ddb4b9-9332-499c-b6e4-4d66d19c78a6,Gersón,Arteaga Rodríguez,2025-02-20 23:15:13Z,,,,,,,,,,MX,,False,Unlicensed,True,2026-01-19 15:12:21Z,,,,,,,SMTP:garteaga@supraterra.com.mx+smtp:btesoreria2@supraterra.com.mx,
Gestores Supraterra,True,gestores@supraterra.onmicrosoft.com,5930f5db-6c57-464d-bfc3-90f9c9a1f5d9,Gestores,Supraterra,2024-04-30 18:18:49Z,,,,,,,,,,,2024-04-30 18:18:49Z,False,Unlicensed,True,2022-10-05 17:16:28Z,,,,,,,,
GF,True,gf@zibata.com,742bfc31-8123-458c-9e78-7966c91c49d5,GF,,2024-06-03 15:10:53Z,,,,,,,,,,MX,2024-06-03 16:01:10Z,False,Microsoft 365 Empresa Estándar,True,2024-06-03 15:10:23Z,,,,,,,SMTP:gf@zibata.com+smtp:gf@supraterra.onmicrosoft.com,
ginarquezvega,False,ginarquezvega_gmail.com#EXT#@supraterra.onmicrosoft.com,c7431579-cdb7-49c7-871a-16487d96dee1,,,2026-09-03 19:48:44Z,,,,,,,,,,,,False,Unlicensed,True,2026-09-03 19:48:44Z,,,,,,,SMTP:ginarquezvega@gmail.com,
Goretty Salgado Osnaya,True,gsalgado@supraterra.com.mx,776361c3-667d-4b2f-ace8-7cbfebd38db0,Goretty,Salgado Osnaya,2024-04-30 18:18:49Z,,,,,,,,,,MX,2024-10-21 22:42:18Z,False,Microsoft 365 Empresa Premium,True,2026-05-22 00:01:54Z,,4831,,,,,SMTP:gsalgado@supraterra.com.mx+smtp:gsalgado@supraterra.onmicrosoft.com,
Graciela Avendaño Huiltcatzin,True,graciela@supraterra.com.mx,388e75b6-6b33-41b6-9051-cc20198367fb,Graciela,Avendaño Huiltcatzin,2024-04-30 18:18:46Z,,,Asistente de Dirección General,Dirección General,,El Marques,Mexico,Zibatá,Queretaro,MX,2024-07-11 16:44:25Z,False,Microsoft 365 Empresa Estándar,True,2024-12-17 19:10:52Z,,,76269,,,,SMTP:graciela@supraterra.com.mx+smtp:graciela@supraterra.onmicrosoft.com,
Guadalupe Rubio Galvan,True,brrhh@supraterra.com.mx,57546e2e-656e-4047-85e4-efd3b5f251cb,Guadalupe,Rubio Galvan,2024-04-30 18:18:49Z,,,,,,,,,,MX,2024-10-03 16:38:43Z,False,Microsoft 365 Empresa Estándar+Microsoft Power Automate Free,True,2024-10-03 16:21:42Z,,4852,,,,,SMTP:brrhh@supraterra.com.mx+smtp:brrhh@supraterra.onmicrosoft.com,
Guillermo Cruz,True,gcruz@supraterra.com.mx,80d89d04-a252-4b65-a55a-fba7e89b9f30,Guillermo,Cruz,2024-04-30 18:19:00Z,,,SUBDIRECTOR DE CONTRALORIA,Contraloria,,Santiago de Queretaro,Mexico,QBP-Corporativo,Queretaro,MX,2024-08-01 16:27:21Z,False,Microsoft 365 Empresa Premium+Microsoft Power Automate Free,True,2025-04-09 00:40:46Z,,4854,76100,,,,SMTP:gcruz@supraterra.com.mx+smtp:gcruz@supraterra.onmicrosoft.com,
Gustavo Rodriguez Hernandez,True,grodriguez@zibata.com,92e20bb0-0a42-489e-90b0-4c553cce6fd2,Gustavo,Rodriguez Hernandez,2024-04-30 18:18:49Z,,,,,,,,,,MX,2024-11-19 19:08:39Z,False,Microsoft 365 Empresa Estándar,True,2025-05-20 15:21:05Z,,,,,,,SMTP:grodriguez@zibata.com+smtp:grodriguez@supraterra.onmicrosoft.com,
Héctor David Alanís Funes,False,halanis@supraterra.com.mx,4d5302e9-3e47-4c57-885c-398dc97f8267,Héctor David,Alanís Funes,2026-05-28 19:19:26Z,,,,,,,,,,MX,,False,Microsoft 365 Empresa Básico,True,2026-05-28 19:19:26Z,,,,,,,SMTP:halanis@supraterra.com.mx,
Hugo Alvarez,True,halvarez@supraterra.com.mx,9bf3a5f6-ac31-413e-99a6-fc9b92c1e81f,Hugo,Alvarez,2024-04-30 18:18:59Z,,,ANALISTA DE MARKETING,Publicidad-MKT,,Santiago de Queretaro,Mexico,QBP-Corporativo,Queretaro,MX,2024-09-04 15:41:04Z,False,Microsoft Power Apps for Developer+Microsoft 365 Empresa Premium+Microsoft Fabric (Gratis)+Microsoft Power Automate Free,True,2026-06-08 23:28:17Z,,4829,76100,,,,SMTP:halvarez@supraterra.com.mx+smtp:halvarez@supraterra.onmicrosoft.com,
Ingrid Yamili Jiménez Palomino,True,ijimenez@supraterra.com.mx,4fcb7942-9357-406c-b870-5055249b212d,Ingrid Yamili,Jiménez Palomino,2024-04-30 18:18:54Z,,,,,,,,QBP-Corporativo,,MX,2024-10-04 19:11:47Z,False,Microsoft 365 Empresa Estándar+Archivado de Exchange Online para Exchange Online+Microsoft Power Automate Free,True,2025-01-23 23:56:51Z,,4812,,,,,SMTP:ijimenez@supraterra.com.mx+smtp:ijimenez@supraterra.onmicrosoft.com,
Ipad Ventas,True,iventas@supraterra.onmicrosoft.com,12941a1a-f489-4463-8804-a20f6a642092,Ipad,Ventas,2024-04-30 18:18:54Z,,,,,,,,,,,2024-04-30 18:18:53Z,False,Unlicensed,True,2024-02-26 18:51:39Z,,,,,,,,
Isaias Mendoza Licea,False,imendoza@supraterra.com.mx,9058c7f6-1e85-407f-8a79-3a435a7e10c9,Isaias,Mendoza Licea,2026-02-20 20:38:06Z,,,,,,,,,,MX,,False,Microsoft 365 Empresa Básico,True,2026-02-20 20:38:06Z,,,,,,,SMTP:imendoza@supraterra.com.mx,
Ismael  Rivera Martínez,False,irivera@supraterra.com.mx,2a30ee43-561e-4c74-bdaf-a7cde5292081,Ismael,Rivera Martínez,2025-06-06 17:05:27Z,,,,,,,,,,MX,,False,Microsoft 365 Empresa Estándar,True,2026-01-29 17:50:53Z,,,,,,,SMTP:irivera@supraterra.com.mx,
Israel Martinez Ramirez,True,imartinez@supraterra.onmicrosoft.com,3bed85b2-8dc3-4fae-bb1a-9bcb65599adb,Israel,Martinez Ramirez,2024-04-30 18:18:49Z,,,,,,,,,,,2024-07-05 16:04:34Z,False,Unlicensed,True,2024-07-05 15:34:27Z,,,,,,,,
Itzel Christa Núñez Zatarain,False,operaciones_cum@supraterra.com.mx,c9132085-ccfc-463e-9e33-76179db4a8ef,Itzel Christa,Núñez Zatarain,2026-05-04 23:11:45Z,,,,,,,,,,MX,,False,Microsoft Power Automate Free+Microsoft 365 Empresa Estándar,True,2026-05-04 23:11:45Z,,,,,,,SMTP:operaciones_cum@supraterra.com.mx,
Iván Martínez Jaime,True,ijaime@stirapuato.mx,4dcaa85d-fe01-443c-983e-82f17efd0af8,Iván,Martínez Jaime,2024-04-30 18:18:55Z,,,,,,,,,,MX,2024-07-03 19:32:23Z,False,Microsoft 365 Empresa Estándar+Microsoft Power Automate Free,True,2025-10-21 16:23:28Z,,,,,,,SMTP:ijaime@stirapuato.mx+smtp:ijaime@supraterra.onmicrosoft.com,
Ivon Alejandra Torres Padilla,True,auxmtto@supraterra.com.mx,a1183380-1969-4e1b-b8b6-8a23ad5b4b44,Ivon Alejandra,Torres Padilla,2024-04-30 18:18:55Z,,,,,,,,,,MX,2024-11-04 15:25:36Z,False,Microsoft 365 Empresa Básico+Power BI Pro+Microsoft Power Automate Free,True,2026-04-01 17:29:58Z,,4869,,,,,SMTP:auxmtto@supraterra.com.mx+smtp:auxmtto@supraterra.onmicrosoft.com,
Javier Huerta Rodríguez,True,jhuerta@zibata.com,ebc2353e-6d6b-421d-8c82-91d9af0d5c47,Javier,Huerta Rodríguez,2024-04-30 18:18:52Z,,,,,,El Marques,Mexico,,Queretaro,MX,2024-04-30 18:18:52Z,False,Microsoft 365 Empresa Básico,True,2022-09-02 16:25:51Z,,,76169,,,,SMTP:jhuerta@zibata.com+smtp:jhuerta@supraterra.onmicrosoft.com,
Jefe del Centro de Monitoreo,True,smonitoreo@supraterra.onmicrosoft.com,c5982dff-8034-4e98-88f4-dd1550b53565,Jefe,del Centro de Monitoreo,2024-04-30 18:18:47Z,,,,,,,,,,,2024-11-19 18:08:38Z,False,Unlicensed,True,2024-11-13 17:04:33Z,,8114,,,,,,
Jennifer Castro Rangel,True,jcastro@supraterra.onmicrosoft.com,ae0e7f73-485b-4d79-9bc1-fbafb0ebe253,Jennifer,Castro Rangel,2024-04-30 18:18:53Z,,,,,,,,,,,2024-05-30 18:56:25Z,False,Unlicensed,True,2024-05-30 18:34:40Z,,4816,,,,,SMTP:jcastro@supraterra.com.mx,
Jessica Oleszcovski,True,jeo@supraterra.com.mx,2735d919-da16-4d34-94f2-1e05aaf4055c,Jessica,Oleszcovski,2024-04-30 18:18:49Z,,,,,,,,ZIBATA,,MX,2024-04-30 18:18:49Z,False,Microsoft 365 Empresa Básico,True,2015-12-28 23:42:25Z,,1026,,,,,SMTP:jeo@supraterra.com.mx+smtp:jeo@supraterra.onmicrosoft.com,
Jessica Santiago Rodríguez,False,bcobranza@supraterra.com.mx,bdab4954-b652-4588-b31a-e7b40b6de0e9,Jessica,Santiago Rodríguez,2025-03-04 15:52:35Z,,,,,,,,,,MX,,False,Microsoft 365 Empresa Básico,True,2026-07-16 06:48:57Z,,,,,,,SMTP:bcobranza@supraterra.com.mx,
Jesus Antonio Ortiz Alegría,True,jortiz@supraterra.com.mx,e90d6eda-045b-4677-8fcf-d1022cc46cfb,Jesus Antonio,Ortiz Alegría,2024-04-30 18:19:01Z,,,Desarrollo Residencial Zirándaro,Juridico,,Santiago de Queretaro,Mexico,QBP-Corporativo,Queretaro,MX,2024-12-09 16:55:14Z,False,Microsoft 365 Empresa Estándar,True,2025-10-07 21:44:10Z,,,76100,,,,SMTP:jortiz@supraterra.com.mx+smtp:jortiz@supraterra.onmicrosoft.com,
Jhovany Daza Chavez,True,jdaza@seguridadzibata.com,213ff6ca-b615-452c-b889-0dbcad0b7aa8,Jhovany,Daza Chavez,2024-04-30 18:18:47Z,,,,,,,,,,MX,2024-10-29 20:50:43Z,False,Unlicensed,True,2024-10-29 20:38:08Z,,,,,,,SMTP:jdaza@seguridadzibata.com+smtp:jdaza@supraterra.onmicrosoft.com,
Joaquin Israel Martinez Ramirez,True,jmartinez@stirapuato.mx,f915d8ec-d8e7-4931-9635-ef53e54f5b8e,Joaquin Israel,Martinez Ramirez,2024-04-30 18:19:02Z,,,,Obra y Construcción,,El Marques,Mexico,,Queretaro,MX,2024-10-18 16:38:55Z,False,Unlicensed,True,2024-10-18 16:35:05Z,,,76268,,,,SMTP:jmartinez@stirapuato.mx+smtp:jmartinezr@supraterra.onmicrosoft.com,
Joaquin Velez,True,cvelez@supraterra.com.mx,5506e522-9f3b-4b85-a99b-1a99b39e5e6b,Joaquin,Velez,2024-04-30 18:18:54Z,,,COORDINADOR DE PROYECTOS,,,El Marques,,ZIBATA,Queretaro,MX,2024-11-25 15:43:44Z,False,Microsoft 365 Empresa Estándar+Archivado de Exchange Online para Exchange Online+Microsoft Power Automate Free,True,2025-08-27 22:07:11Z,,1048,,,,,SMTP:cvelez@supraterra.com.mx+smtp:cvelez@supraterra.onmicrosoft.com,
Jonatan Garcia Monterde,True,jgarcia@supraterra.com.mx,d9a29b32-0e4b-404e-9df0-a8a47cce308b,Jonatan,Garcia Monterde,2024-04-30 18:18:59Z,,,,Information Technology and Solutions,,Santiago de Queretaro,Mexico,QBP-Corporativo,Queretaro,MX,2024-10-16 19:55:15Z,False,Power BI Pro+Microsoft 365 Empresa Premium+Microsoft Power Automate Free+Microsoft Fabric (Gratis),True,2026-01-29 17:32:58Z,,4820,76100,,,,SMTP:jgarcia@supraterra.com.mx+smtp:jgarciasupraterra.com.mx@supraterra.onmicrosoft.com,
Jonathan Orozco Martínez,False,mmto@urbancorridor.com.mx,159a2120-e3b8-430c-a957-d2d4c929b7cf,Jonathan,Orozco Martínez,2026-09-07 15:57:28Z,,,,,,,,,,MX,,False,Microsoft 365 Empresa Estándar,True,2026-09-07 15:57:28Z,,,,,,,SMTP:mmto@urbancorridor.com.mx,
jonathan.guzman,False,jonathan.guzman_geoquest-group.com.mx#EXT#@supraterra.onmicrosoft.com,c069faa9-7a8b-4cff-994a-35b501efb62b,,,2026-07-20 23:03:16Z,,,,,,,,,,,,False,Unlicensed,True,2026-07-20 23:03:16Z,,,,,,,SMTP:jonathan.guzman@geoquest-group.com.mx,
Jorge Andrés  Martínez Sandoval,False,atencion2@colonoszirandaro.com,02dac914-494d-4eb7-b80e-0f6dcdeabc57,Jorge Andrés,Martínez Sandoval,2025-09-11 19:11:37Z,,,,,,,,,,MX,,False,Microsoft 365 Empresa Básico,True,2026-09-08 17:38:56Z,,,,es-MX,,,smtp:admon.gardenias@zirandaro.com.mx+SMTP:atencion2@colonoszirandaro.com,
Jorge Juan Blanco Sanchez,True,jblanco@supraterra.onmicrosoft.com,1e9cccf9-7fad-4dd6-bc8c-1448242bce27,Jorge Juan,Blanco Sanchez,2024-04-30 18:18:54Z,,,,,,,,,,,2024-04-30 18:18:53Z,False,Unlicensed,True,2024-02-22 17:57:52Z,,,,,,,SMTP:jblanco@supraterra.com.mx,
Jorge Noriega,True,jnoriega@supraterra.com.mx,c61b96dc-7bab-4976-9108-54b5f863757f,Jorge Luis,R Noriega,2024-04-30 18:19:01Z,,,IT Manager,Information Tecnology and Solutions,,Santiago de Queretaro,Mexico,QBP-Corporativo,Queretaro,MX,2024-10-15 18:54:12Z,False,Microsoft 365 Empresa Premium+Microsoft Power Automate Free,True,2024-12-18 15:29:54Z,,4817,76100,,,,SMTP:jnoriega@supraterra.com.mx+smtp:jnoriega@supraterra.onmicrosoft.com+smtp:jpc@supraterra.com.mx,
Jorge Sanchez,True,jsgoyri@supraterra.com.mx,1a2b3fdc-7835-4fa5-ac22-f24e5ec02fb9,Jorge,Sanchez,2024-04-30 18:18:54Z,,,GERENTE DE VENTAS,,,El Marquez,,Zibata,Queretaro,MX,2024-10-21 19:12:12Z,False,Microsoft 365 Empresa Premium+Microsoft Power Automate Free,True,2025-07-01 20:11:37Z,,1004,,,,,SMTP:jsgoyri@supraterra.com.mx+smtp:jsgoyri@supraterra.onmicrosoft.com,
Jose Alejandro Manriquez,True,jmanriquez@supraterra.com.mx,715d8f88-8254-475c-988a-9cea1a29ac86,Jose Alejandro,Manriquez,2024-04-30 18:19:01Z,,,Gerente de Poventa,Juridico,,Santiago de Queretaro,Mexico,QBP-Corporativo,Queretaro,MX,2024-10-03 01:38:04Z,False,Microsoft 365 Empresa Premium,True,2025-11-24 18:51:17Z,,4803,76100,,,,SMTP:jmanriquez@supraterra.com.mx+smtp:jmanriquez@supraterra.onmicrosoft.com,
Jose Amado,True,jlamado@supraterra.com.mx,05b670e2-7005-4f19-becc-1ffda35aad44,Jose,Amado,2024-04-30 18:19:01Z,,,Coordinador de Contratos Inmobiliarios,Juridico,,Santiago de Queretaro,Mexico,QBP-Corporativo,Queretaro,MX,2024-10-28 17:49:45Z,False,Microsoft 365 Empresa Premium+Microsoft Power Automate Free,True,2026-01-09 16:22:11Z,,4806,76100,,,,SMTP:jlamado@supraterra.com.mx+smtp:jlamado@supraterra.onmicrosoft.com,
José Ángel Perales Chávez,False,supcostos@stirapuato.mx,9872126a-de55-4c44-aa60-c959f6613b78,José Ángel,Perales Chávez,2026-06-22 15:55:34Z,,,,,,,,,,MX,,False,Microsoft Power Automate Free+Microsoft 365 Empresa Estándar,True,2026-06-22 15:55:34Z,,,,,,,SMTP:supcostos@stirapuato.mx,
Jose Antonio Cruz Alcala,True,jcruz@stirapuato.mx,97e17eaa-35c4-4240-9cd8-99e8168700bc,Jose Antonio,Cruz Alcala,2024-04-25 22:45:38Z,,,,,,,,,,MX,2024-11-25 15:43:44Z,False,Microsoft 365 Empresa Básico+Microsoft Power Automate Free,True,2026-05-22 00:00:13Z,,1052,,,,,SMTP:jcruz@stirapuato.mx+smtp:jcruz@supraterra.onmicrosoft.com,
José Humberto Peña Vázquez,True,hpena@supraterra.onmicrosoft.com,27d14b43-0391-4a55-8f9c-09a8084a7ce2,José Humberto,Peña Vázquez,2024-04-30 18:18:48Z,,,,,,,,,,,2024-04-30 18:18:48Z,True,Unlicensed,True,2024-04-30 18:18:48Z,,,,,,,,
Jose Juan Cano Orozco,True,jcano@stirapuato.mx,de3c29f3-c49f-4009-ba44-12ab07930217,Jose Juan,Cano Orozco,2024-04-25 22:51:22Z,,,,,,,,,,MX,2024-12-04 15:51:16Z,False,Microsoft 365 Empresa Básico+Microsoft Power Automate Free,True,2025-10-21 21:23:33Z,,1034,,,,,SMTP:jcano@stirapuato.mx+smtp:jcano@supraterra.onmicrosoft.com,
José Manuel Aburto Hernández,True,jaburto@zibata.com,f280b6df-f79e-47de-a125-8b2325b6441c,José Manuel,Aburto Hernández,2024-12-09 20:55:24Z,,,,,,,,,,MX,2024-12-09 20:55:24Z,False,Microsoft 365 Empresa Básico,True,2025-01-20 23:38:22Z,,,,,,,SMTP:jaburto@zibata.com+smtp:jaburto@supraterra.onmicrosoft.com,
Josue David Granados Santos,True,jgranados@stirapuato.mx,561493ca-8966-4aab-ab6e-2e71754171a8,Josue David,Granados Santos,2024-07-01 17:29:59Z,,,,,,,,,,MX,2024-10-22 01:12:27Z,False,Unlicensed,True,2026-07-02 19:34:57Z,,,,,,,SMTP:jgranados@stirapuato.mx+smtp:tecambiental@supraterra.onmicrosoft.com,
Josué Galván Alegría,True,aux_conta@supraterra.com.mx,ecc0500a-8846-41c4-a539-9c2e8755af6a,Josué,Galván Alegría,2024-10-21 16:42:05Z,,,,,,,,,,MX,2024-10-21 16:42:05Z,False,Microsoft 365 Empresa Estándar+Microsoft Power Automate Free,True,2024-10-21 16:40:25Z,,,,,,,SMTP:aux_conta@supraterra.com.mx+smtp:aux_conta@supraterra.onmicrosoft.com,
JRefugio Romo,True,rromo@supraterra.com.mx,e518f933-7497-4d02-946c-d791bc9fddba,JRefugio,Romo,2024-04-30 18:18:45Z,,,SUBDIRECTOR DE CONSTRUCCION,,,El Marques,,ZIBATA,Queretaro,MX,2024-08-01 20:05:14Z,False,Microsoft 365 Empresa Básico+Archivado de Exchange Online para Exchange Online,True,2024-06-26 23:47:41Z,,1020,,,,,SMTP:rromo@supraterra.com.mx+smtp:rromo@supraterra.onmicrosoft.com,
Juan Carlos Martinez,True,I-62@supraterra.onmicrosoft.com,634997ed-75d7-483e-b60a-e9e363f70479,Juan Carlos,Martinez,2024-04-30 18:18:50Z,,,,,,,,,,,2024-04-30 18:18:50Z,False,Unlicensed,True,2023-06-16 18:41:35Z,,,,,,,,
Juan Carlos Martinez,True,jmartinez@nuevorefugio.com,98abc54f-a90a-4b2e-9e32-3c0338215fde,Juan Carlos,Martinez,2024-04-25 22:45:40Z,,,,,,El Marques,Mexico,Nuevo Refugio,Queretaro,MX,2024-09-04 16:11:05Z,False,Unlicensed,True,2024-09-04 15:45:23Z,,4425006000,76269,,,,SMTP:jmartinez@nuevorefugio.com+smtp:jmartinez@supraterra.onmicrosoft.com,
Juan Héctor Fuentes Quintana,True,jfuentes@stirapuato.mx,0cd29dc0-da55-42ad-b759-8975e2338c35,Juan Héctor,Fuentes Quintana,2024-08-12 18:17:12Z,,,,,,,,,,MX,2024-08-12 18:17:12Z,False,Microsoft 365 Empresa Estándar,True,2025-02-17 18:42:28Z,,,,,,,SMTP:jfuentes@stirapuato.mx+smtp:jfuentes@supraterra.onmicrosoft.com,
Juan Manuel Becerra Bautista,True,jbecerra@supraterra.com.mx,cab71042-86d4-4a4c-8657-1ce6cb88aedc,Juan Manuel,Becerra Bautista,2024-04-30 18:18:53Z,,,,,,,,,,MX,2024-11-07 15:28:17Z,False,Microsoft 365 Empresa Estándar+Microsoft Power Automate Free,True,2026-04-14 18:20:40Z,,4819,,,,,SMTP:jbecerra@supraterra.com.mx+smtp:jbecerra@supraterra.onmicrosoft.com,
Juan Manuel García Figueroa,True,jgarcia@zibata.com,fc0bae56-b47b-4692-b673-5f0e3f620610,Juan Manuel,García Figueroa,2024-04-30 18:18:52Z,,,,,,El Marques,Mexico,,Queretaro,MX,2024-04-30 18:18:52Z,False,Unlicensed,True,2022-09-02 16:26:20Z,,,76169,,,,SMTP:jgarcia@zibata.com+smtp:jgarcia0334@supraterra.onmicrosoft.com+smtp:jgarcia@supraterra.onmicrosoft.com,
Juan Morales,True,jcmorales@supraterra.com.mx,631b353c-d214-4e34-94e0-8abdee7a2b75,Juan,Morales,2024-04-30 18:18:49Z,,,AUXILIAR DE VENTAS,,,Querétaro,Mexico,QBP-Corporativo,Querétaro,MX,2024-10-24 18:45:28Z,False,Microsoft 365 Empresa Premium+Microsoft Power Automate Free,True,2026-08-20 23:22:22Z,,4809,76100,,,,SMTP:jcmorales@supraterra.com.mx+smtp:jcmorales@supraterra.onmicrosoft.com+smtp:contacto@supraterra.com.mx+smtp:jcmorales@zibata.com+smtp:ventas@zibata.com,
Juan Roberto Morales Gómez,True,jmorales@stirapuato.mx,410895e5-402f-4e5f-9ba1-684c30ce09ca,Juan Roberto,Morales Gómez,2024-04-30 18:18:57Z,,,,,,,,,,MX,2024-11-13 01:32:53Z,False,Microsoft 365 Empresa Básico+Microsoft Power Automate Free,True,2025-04-21 17:04:38Z,,,,,,,SMTP:jmorales@stirapuato.mx+smtp:rmorales@supraterra.onmicrosoft.com,
JuanVictorino Vazquez Cruz,True,jvazquez@stirapuato.mx,28d0f3ea-e717-42b6-9ab1-96017446ade1,JuanVictorino,Vazquez Cruz,2024-04-30 18:18:57Z,,,,,,,,,,MX,2024-11-25 15:43:44Z,False,Microsoft 365 Empresa Básico+Microsoft Power Automate Free,True,2025-10-21 16:20:09Z,,,,,,,SMTP:jvazquez@stirapuato.mx+smtp:jvazquez@supraterra.onmicrosoft.com,
Julieta  Guerrero Ballesteros,False,auxfinanzas@supraterra.com.mx,d4b31df4-8659-4d87-b3e7-04f641bbcac5,Julieta,Guerrero Ballesteros,2025-08-01 20:46:26Z,,,,,,,,,,MX,,False,Microsoft 365 Empresa Básico,True,2025-08-01 20:46:26Z,,,,,,,SMTP:auxfinanzas@supraterra.com.mx,
Juridico,True,Juridico1@supraterra.onmicrosoft.com,9102d580-33f8-4b98-af70-f24afc2b89c1,Juridico,,2024-04-30 18:18:49Z,,,,,,,,,,MX,2024-04-30 23:18:28Z,False,Unlicensed,True,2022-08-15 14:59:12Z,,,,,,,,
Juridico Obra,True,juridicoobra@supraterra.com.mx,2fc5348f-ed07-4b61-9ef2-002a93da96d4,Juridico,Obra,2024-05-02 20:20:42Z,,,,,,,,,,MX,2024-08-23 16:30:11Z,False,Microsoft 365 Empresa Básico,True,2024-08-23 16:15:01Z,,,,,,,SMTP:juridicoobra@supraterra.com.mx+smtp:jobra@supraterra.onmicrosoft.com,
Juridico Refugio,True,juridico@residencialelrefugio.com.mx,e1be2832-23b2-4610-b48e-aedd16b2ba6c,Juridico,Refugio,2024-04-30 18:18:50Z,,,,,,,,,,MX,2024-10-02 20:37:52Z,False,Archivado de Exchange Online para Exchange Online+Microsoft Power Automate Free+Microsoft 365 Empresa Básico,True,2025-11-04 21:59:47Z,,3002,,,,,SMTP:juridico@residencialelrefugio.com.mx+smtp:rjuridico@supraterra.onmicrosoft.com+smtp:dancona@supraterra.com.mx+smtp:juridico@nuevorefugio.com+smtp:juridico@zaru.mx,
Juridico Zibatá,True,juridico@zibata.com,5ee0ed57-e189-462f-a41f-75a6dc19c23b,Juridico,Zibatá,2024-07-02 20:01:08Z,,,,,,El Marques,Mexico,ZIBATA,Queretaro,MX,2024-10-21 22:42:18Z,False,Archivado de Exchange Online para Exchange Online+Microsoft 365 Empresa Estándar+Microsoft Power Automate Free,True,2026-01-16 15:57:23Z,,1005,76169,,,,SMTP:juridico@zibata.com+smtp:juridico@supraterra.onmicrosoft.com,
Juridico Zirandaro,True,juridico@zirandaro.com.mx,f5d37208-d1fe-4c6f-a3c2-7648f5220310,Juridico,Zirandaro,2024-04-30 18:18:54Z,,,,,,,,,,MX,2024-09-23 14:58:04Z,False,Archivado de Exchange Online para Exchange Online+Microsoft 365 Empresa Estándar+Microsoft Power Automate Free,True,2026-03-02 17:01:57Z,,5005,,,,,SMTP:juridico@zirandaro.com.mx+smtp:zjuridico@supraterra.onmicrosoft.com,
karel,False,karel_caysen.com#EXT#@supraterra.onmicrosoft.com,3a1ef196-908a-41d9-ae36-34a2cd213f52,,,2026-10-01 15:30:23Z,,,,,,,,,,,,False,Unlicensed,True,2026-10-01 15:30:23Z,,,,,,,SMTP:karel@caysen.com,
Karen Lizbeth  Avilés Martínez,False,kaviles@supraterra.com.mx,5113a0a3-588f-48c7-a835-3be918ad6aec,Karen Lizbeth,Avilés Martínez,2025-03-04 15:57:30Z,,,,,,,,,,MX,,False,Unlicensed,True,2026-05-28 15:54:29Z,,,,,,,SMTP:kaviles@supraterra.com.mx,
Karina Torres Martínez,True,admon_obra@stirapuato.mx,e7ec1cda-31e1-41ea-8be5-a87eeec77005,Karina,Torres Martínez,2024-07-03 18:02:19Z,,,Auxiliar Administrativo,Proyectos de Obra,,El Marques,Mexico,Zibatá,Queretaro,MX,2024-10-14 15:52:15Z,False,Archivado de Exchange Online para Exchange Online+Microsoft 365 Empresa Estándar+Microsoft Power Automate Free,True,2024-10-14 15:24:56Z,,1024,76269,,,,SMTP:admon_obra@stirapuato.mx+smtp:admon_obra5720@supraterra.onmicrosoft.com+smtp:admon_obra@zibata.com,
Karla Acevedo Magaña,True,kacevedo@zibata.com,e99dd8eb-b2f0-4b8d-9f71-f4ce4d73705d,Karla,Acevedo Magaña,2024-04-30 18:18:52Z,,,,,,El Marques,Mexico,,Queretaro,MX,2024-07-28 18:45:35Z,False,Microsoft 365 Empresa Básico,True,2024-10-24 16:14:55Z,,,76169,,,,SMTP:kacevedo@zibata.com+smtp:kacevedo@supraterra.onmicrosoft.com,
Karla Bravo Ramirez,True,auxcumplimiento@supraterra.com.mx,6324d85a-db72-4a97-87e2-65fbaa94721a,Karla,Bravo Ramirez,2024-04-30 18:18:55Z,,,,,,,,,,MX,2024-09-17 15:52:38Z,False,Unlicensed,True,2026-01-19 18:56:34Z,,,,,,,SMTP:auxcumplimiento@supraterra.com.mx+smtp:cumplimiento@supraterra.onmicrosoft.com,
Karla Edith Navarro Trejo,True,knavarro@supraterra.com.mx,168c8252-1cc2-40af-bceb-1292f973917d,Karla Edith,Navarro Trejo,2024-04-30 18:18:52Z,,,,,,,,,,MX,2024-10-03 20:08:52Z,False,Microsoft 365 Empresa Estándar,True,2025-10-21 16:09:45Z,,4844,,,,,SMTP:knavarro@supraterra.com.mx+smtp:knavarro@supraterra.onmicrosoft.com,
Karla Fernanda Gonzalez Hernandez,True,auxpresupuestos@supraterra.com.mx,33e9f1c9-fe42-4c17-8e77-6df97110953e,Karla Fernanda,Gonzalez Hernandez,2024-04-30 18:18:55Z,,,,,,,,,,MX,2024-10-08 20:16:07Z,False,Microsoft 365 Empresa Estándar+Microsoft Power Automate Free,True,2026-05-26 18:10:34Z,,4826,,,,,SMTP:auxpresupuestos@supraterra.com.mx+smtp:auxpresupuestos@supraterra.onmicrosoft.com,
Karla Lizeth Becerril García,True,kbecerril@supraterra.com.mx,561a45cb-26de-493b-bbdc-9a0a813612ef,Karla Lizeth,Becerril García,2024-04-30 18:18:49Z,,,,,,,,,,MX,2024-12-06 21:22:49Z,False,Unlicensed,True,2026-04-14 17:16:41Z,,4832,,,,,SMTP:kbecerril@supraterra.com.mx+smtp:kbecerril@supraterra.onmicrosoft.com,
Karla Marlene Paulina Córtes Garcia,True,kcortes@zibata.com,7f71f8a4-7dd1-4499-b275-c71c98350f59,Karla Marlene Paulina,Córtes Garcia,2024-04-30 18:18:52Z,,,,,,,,,,MX,2024-07-03 20:32:27Z,False,Microsoft 365 Empresa Básico,True,2024-06-11 18:40:17Z,,,,,,,SMTP:kcortes@zibata.com+smtp:kcortes@supraterra.onmicrosoft.com,
Karla Sanchez,True,ksanchez@supraterra.com.mx,62ee9df9-96af-4d9a-b423-62dd0f249325,Karla,Sanchez,2024-04-30 18:18:48Z,,,,,,El Marques,,QBP-Corporativo,Queretaro,MX,2024-09-20 17:25:19Z,False,Microsoft 365 Empresa Premium+Microsoft Power Automate Free,True,2025-03-19 19:58:12Z,,4823,,,,,SMTP:ksanchez@supraterra.com.mx+smtp:ksanchez@supraterra.onmicrosoft.com,
Kathya Medina Castillo,True,kmedina@supraterra.com.mx,aabb1d84-b4ae-4cf3-b172-fddccfbc3b7a,Kathya,Medina Castillo,2024-04-30 18:18:53Z,,,,,,,,,,MX,2024-10-31 15:52:09Z,False,Microsoft 365 Empresa Estándar+Archivado de Exchange Online para Exchange Online,True,2024-10-31 15:24:03Z,,4871,,,,,SMTP:kmedina@supraterra.com.mx+smtp:kmedina@supraterra.onmicrosoft.com,
Laura Camarena,True,lcamarena@supraterra.onmicrosoft.com,49252b6d-d9f7-40b1-9911-739fa707c1d4,Laura,Camarena,2024-04-30 18:18:48Z,,,RECEPCIONISTA,,,Leon,,ZANDA,Guanajuato,,2024-04-30 18:18:48Z,True,Unlicensed,True,2024-04-30 18:18:48Z,,,,,,,,
Laura Elena  Aguilar Gutiérrez,False,cumplimiento@supraterra.com.mx,d8c2ca84-b870-4d11-a216-d931d35bef90,Laura Elena,Aguilar Gutiérrez,2025-10-01 16:52:03Z,,,,,,,,,,MX,,False,Microsoft Power Automate Free+Microsoft 365 Empresa Estándar,True,2026-02-23 15:56:04Z,,,,,,,SMTP:cumplimiento@supraterra.com.mx,
Laura Elena Aguilar Gutierrez,True,auxadmon@urbancorridor.com.mx,c14f7f76-8afb-48e1-a008-c3bef1d7e730,Laura Elena,Aguilar Gutierrez,2024-10-21 17:12:07Z,,,,,,,,,,MX,2024-10-29 17:20:36Z,False,Unlicensed,True,2024-10-21 16:50:41Z,,3018,,,,,SMTP:auxadmon@urbancorridor.com.mx+smtp:auxadminac@supraterra.onmicrosoft.com+smtp:eaguilar@urbancorridor.com.mx,
Leonardo Román Cervantes,False,supunifamiliares@zibata.com,96bab00c-a8b4-4101-8c71-85a6f1ad9862,Leonardo,Román Cervantes,2026-03-05 19:13:43Z,,,,,,,,,,MX,,False,Microsoft 365 Empresa Básico,True,2026-07-20 16:19:23Z,,,,,,,SMTP:supunifamiliares@zibata.com,
Leyva Zamudio Felix Herlic,False,felix.leyva_ruba.com.mx#EXT#@supraterra.onmicrosoft.com,c2d621ff-621c-4680-8099-e2a34b825862,,,2026-08-04 15:47:46Z,,,,,,,,,,,,False,Unlicensed,True,2026-08-04 15:47:46Z,,,,,,,SMTP:felix.leyva@ruba.com.mx,
Liliana Dorantes Rodríguez,True,ldorantes@supraterra.com.mx,d94ae26a-194b-466e-9bfd-e84efde86391,Liliana,Dorantes Rodríguez,2024-07-23 18:27:16Z,,,,,,,,,,MX,2024-10-22 00:42:24Z,False,Microsoft 365 Empresa Estándar,True,2024-10-22 00:14:07Z,,,,,,,SMTP:ldorantes@supraterra.com.mx+smtp:auxcontable@supraterra.onmicrosoft.com,
Lina Marcela  Echeverry Ortega,False,lortega@supraterra.com.mx,5d46b251-03a9-4d40-b3d8-bbbc25a46523,Lina Marcela,Echeverry Ortega,2026-03-17 18:21:17Z,,,,,,,,,,MX,,False,Microsoft 365 Empresa Básico,True,2026-09-17 16:28:34Z,,,,,,,SMTP:lortega@supraterra.com.mx,
Litzi Jaimes,True,ljaimes@supraterra.com.mx,a38bbffa-bbc7-4c70-b4a9-3203648f9a07,Litzi,Jaimes,2024-06-27 23:25:52Z,,,SUBDIRECTORA DE COMERCIALIZACION,Comercializacion,,Santiago de Queretaro,Mexico,QBP-Corporativo,Queretaro,MX,2024-10-02 21:07:53Z,False,Microsoft 365 Empresa Premium,True,2026-06-16 23:49:13Z,,4864,76100,,,,SMTP:ljaimes@supraterra.com.mx+smtp:ljaimes@supraterra.onmicrosoft.com,
Lizeth Durán Chavira,False,colonos@urbancorridor.com.mx,c0c36c00-d1c2-4e10-bb2d-92c78e508a06,Lizeth,Durán Chavira,2026-02-27 15:10:49Z,,,,,,,,,,MX,,False,Microsoft 365 Empresa Estándar,True,2026-08-11 18:07:29Z,,,,,,,SMTP:colonos@urbancorridor.com.mx,
Lobby Business Park,True,qbplobby@supraterra.onmicrosoft.com,d6b7016b-87c9-4ce7-85e9-fe9dff75144e,Lobby,Business Park,2024-04-30 18:18:48Z,,,,,,,,,,,2024-04-30 18:18:48Z,False,Unlicensed,True,2017-12-12 20:51:45Z,,4901,,,,,,
Lobby Sala 1,False,Lobby1@supraterra.com.mx,62344bc0-6eb7-494b-9ca8-5704f6f55a40,,,2026-08-13 23:03:53Z,,,,,,,,"av.Antea 1088 , Business Park Torre 1 ,  Lobby",,,,False,Unlicensed,True,2026-08-13 23:03:53Z,,,,,,,smtp:Lobby1@supraterra.onmicrosoft.com+SMTP:Lobby1@supraterra.com.mx,
Lobby Sala 2,False,LobbySala2@supraterra.com.mx,d1efcac1-bda6-450b-90a8-9c55a587eb27,,,2026-08-13 23:05:04Z,,,,,,,,"av.Antea 1088 , Business Park Torre 1. Lobby",,,,False,Unlicensed,True,2026-08-13 23:05:04Z,,,,,,,smtp:LobbySala2@supraterra.onmicrosoft.com+SMTP:LobbySala2@supraterra.com.mx,
Lourdes del Carmen Briones Zavala,True,lbriones@urbancorridor.com.mx,f861e9a6-4d2b-4389-b13b-027d23c32ee0,Lourdes del Carmen,Briones Zavala,2024-04-30 18:18:54Z,,,,,,,,Urban Corridor,,MX,2024-07-02 01:00:16Z,False,Microsoft Power Automate Free,True,2024-07-04 20:18:28Z,,,,,,,SMTP:lbriones@urbancorridor.com.mx+smtp:lbriones@supraterra.onmicrosoft.com,
Lucero Faridi  Resendiz Arce,False,lresendiz@supraterra.com.mx,7ef70c6c-0ee9-4cf4-a0d1-0c53aa747514,Lucero Faridi,Resendiz Arce,2025-04-04 16:00:26Z,,,,,,,,,,MX,,False,Unlicensed,True,2026-05-22 00:04:17Z,,,,,,,SMTP:lresendiz@supraterra.com.mx,
Lucia,False,Lucia_torresromero.mx#EXT#@supraterra.onmicrosoft.com,eae70de5-5a74-4fb7-b0fb-f6591c87499f,,,2026-09-01 17:45:46Z,,,,,,,,,,,,False,Unlicensed,True,2026-09-01 17:45:46Z,,,,,,,SMTP:Lucia@torresromero.mx,
Lucila Olvera,True,lolvera@zirandaro.com.mx,4fa736c6-50da-428d-a87e-d3c14734effe,Lucila,Olvera,2024-04-30 18:18:52Z,,,,,,San Miguel de Allende,,Zirandaro,Guanajuato,MX,2024-06-25 18:23:13Z,False,Unlicensed,True,2026-04-27 15:59:54Z,,,,,,,SMTP:lolvera@zirandaro.com.mx+smtp:I-52@supraterra.onmicrosoft.com,
Luis Alberto Morales Miranda,False,lmorales@supraterra.com.mx,74fc65ec-514f-4bb6-b471-e97ac6164c31,Luis Alberto,Morales Miranda,2026-07-02 17:59:39Z,,,Auxiliar de Tesorería ,Dirección de Finanzas,,,,CORPORATIVO,,MX,,False,Microsoft 365 Empresa Estándar,True,2026-07-02 18:19:54Z,,,,,,,SMTP:lmorales@supraterra.com.mx,
Luis Alberto Soto Garcia,False,lsoto@supraterra.onmicrosoft.com,9c293ec1-7907-456c-bb3c-36a1e26e50e4,Luis Alberto,Soto García,2024-06-26 16:54:25Z,,,,,,,,,,MX,2024-09-02 19:09:18Z,False,Archivado de Exchange Online para Exchange Online+Microsoft 365 Empresa Estándar,True,2024-10-15 16:19:16Z,,,,,,,SMTP:lsoto@supraterra.onmicrosoft.com+smtp:lsoto@stirapuato.mx,
Luis Proal,True,lproal@supraterra.com.mx,f79af552-50b5-4c04-93be-989a0d01b3c1,Luis,Proal,2024-04-30 18:19:00Z,,,SUBDIRECTOR DE PLANEACION FINANCIERA,Planeacion Financiera,,Santiago de Queretaro,Mexico,QBP-Corporativo,Queretaro,,2024-09-04 16:11:05Z,False,Unlicensed,True,2019-09-20 14:30:17Z,,4856,76100,,,,SMTP:lproal@supraterra.com.mx,
Magdalena Campa Arroyo,True,mcampa@supraterra.com.mx,a3ca49e6-468a-4ed4-aba3-13916fc33884,Magdalena,Campa Arroyo,2024-04-30 18:18:50Z,,,,,,,,,,MX,2024-11-12 16:02:32Z,False,Unlicensed,True,2026-03-17 18:23:03Z,,,,,,,SMTP:mcampa@supraterra.com.mx+smtp:mcampa@supraterra.onmicrosoft.com,
Magtayani Guadarrama Pozos,True,mpozos@stirapuato.mx,324d154f-5793-48a6-ae3f-6a2cc28c168a,Magtayani,Guadarrama Pozos,2024-04-30 18:18:48Z,,,,,,,,Obra,,MX,2024-10-21 16:12:04Z,False,Unlicensed,True,2025-05-28 16:38:07Z,,1035,,,,,smtp:mpozos@supraterra.onmicrosoft.com+SMTP:mpozos@stirapuato.mx,
Manuel Uribe Sainz,False,msainz@stirapuato.mx,79da0498-bfd2-41d0-9296-405e1bfa5414,Manuel,Uribe Sainz,2026-04-16 22:41:49Z,,,,,,,,,,MX,,False,Microsoft 365 Empresa Básico,True,2026-07-16 22:43:40Z,,,,,,,SMTP:msainz@stirapuato.mx+smtp:msainz@supraterra.com.mx,
Manuel Uribe Sainz,True,bconstruccion@supraterra.onmicrosoft.com,f57d355b-0158-43b2-b537-7e23fe12f853,Manuel,Uribe Sainz,2024-08-07 17:12:16Z,,,,,,,,,,,2024-11-06 15:27:20Z,False,Unlicensed,True,2024-11-06 15:08:38Z,,,,,,,,
Mara Velazquez,True,cat@supraterra.onmicrosoft.com,85caee98-f290-4a0a-a9a0-b1698bf43b61,Mara,Velazquez,2024-04-30 18:18:50Z,,,AUXILIAR EN CALL CENTER,,,El Marques,,RESIDENCIAL EL REFUGIO,Queretaro,,2024-04-30 18:18:50Z,False,Unlicensed,True,2015-07-01 01:01:31Z,,,,,,,,
marcechavez16@gmail.com,False,marcechavez16_gmail.com#EXT#@supraterra.onmicrosoft.com,fbda08c3-4c7e-42fa-9ce4-ffab714c5a6a,,,2025-01-14 00:36:01Z,,,,,,,,,,,,False,Unlicensed,True,2025-01-14 00:36:01Z,,,,,,,SMTP:marcechavez16@gmail.com,
Marco Sebastián Aragón González,True,saragon@supraterra.com.mx,f039474e-bc73-44c4-be7a-47aba0413d5c,Marco Sebastián,Aragón González,2024-05-07 22:56:52Z,,,,,,,,,,MX,2024-11-28 19:16:22Z,False,Unlicensed,True,2024-11-28 20:00:50Z,,4815,,,,,SMTP:saragon@supraterra.com.mx+smtp:tramitesylicencias@supraterra.onmicrosoft.com+smtp:fperalta@supraterra.com.mx,
Marcos Eduardo Vigil Puron,True,mvigil@supraterra.com.mx,fe28903b-e373-44ab-873a-bfae1730af70,Marcos Eduardo,Vigil Puron,2024-10-15 16:24:04Z,,,,,,,,,,MX,2024-10-17 00:25:27Z,False,Unlicensed,True,2025-01-13 20:53:34Z,,,,,,,SMTP:mvigil@supraterra.com.mx+smtp:mvigil@supraterra.onmicrosoft.com,
Mari Cruz  Pérez Gudiño,False,mcruz@supraterra.com.mx,99290713-35f3-4ef5-a8f1-9413ca2544fb,Mari Cruz,Pérez Gudiño,2025-07-17 00:04:52Z,,,,,,,,,,MX,,False,Microsoft 365 Empresa Estándar,True,2026-08-14 16:15:46Z,,,,es-MX,,,SMTP:mcruz@supraterra.com.mx,
Maria de Lourdes Duran Peñaloza,True,lduran@supraterra.com.mx,83201f9d-4865-4685-8605-3acce94f091b,Maria de Lourdes,Duran Peñaloza,2024-04-30 18:18:55Z,,,,,,,,,,MX,2024-07-03 22:32:33Z,False,Microsoft 365 Empresa Premium+Microsoft Power Automate Free,True,2025-03-03 15:59:18Z,,,,,,,SMTP:lduran@supraterra.com.mx+smtp:mduran@supraterra.onmicrosoft.com+smtp:muribe@supraterra.com.mx,
Maria Del Carmen Delgado,False,cdelgado_aquaa.com.mx#EXT#@supraterra.onmicrosoft.com,c10dfee4-4e70-4d6e-857c-06a4e4453fef,,,2025-03-21 20:00:56Z,,,,,,,,,,,,False,Unlicensed,True,2025-03-21 20:00:56Z,,,,,,,SMTP:cdelgado@aquaa.com.mx,
María Del Carmen Díaz Ortiz,True,mdiaz@supraterra.onmicrosoft.com,df1a9448-57a0-4e19-a4c4-eea955ec4967,María Del Carmen,Díaz Ortiz,2024-04-30 18:18:57Z,,,,,,,,,,MX,2024-04-30 18:18:57Z,False,Unlicensed,True,2021-06-24 15:49:35Z,,,,,,,SMTP:mdiaz@supraterra.com.mx+smtp:mdiaz@supraterra.onmicrosoft.com,
Maria del Carmen Vazquez Cabrera,True,mvazquez@nuevorefugio.com,15e6d85f-f524-474e-bf99-da250d58fa7a,Maria del Carmen,Vazquez Cabrera,2024-04-30 18:18:52Z,,,,,,,,Nuevo Refugio,Queretaro,MX,2024-12-01 20:18:55Z,False,Microsoft 365 Empresa Básico+Microsoft Power Automate Free,True,2024-12-01 20:16:16Z,,4425006000,,,,,SMTP:mvazquez@nuevorefugio.com+smtp:mvazquez@supraterra.onmicrosoft.com+smtp:mvazquez@zibata.com,
María del Pilar Cano Pérez,True,pcano@zibata.com,b6b434fb-3cf7-4e5f-b8f3-4acdf8783bf6,María del Pilar,Cano Pérez,2024-04-30 18:18:53Z,,,,,,El Marques,Mexico,,Queretaro,MX,2024-06-25 23:53:30Z,False,Microsoft 365 Empresa Básico,True,2024-06-25 23:39:41Z,,,76169,,,,SMTP:pcano@zibata.com+smtp:pcano@supraterra.onmicrosoft.com,
Maria Eugenia Leticia Montes Pardo,True,lmontes@zibata.com,52760c7a-2ff2-4c65-b3e1-59ddeebf062d,Maria Eugenia Leticia,Montes Pardo,2024-04-30 18:18:52Z,,,,,,El Marques,Mexico,,Queretaro,MX,2024-04-30 18:18:52Z,False,Microsoft 365 Empresa Básico,True,2025-01-16 18:44:41Z,,,76169,,,,SMTP:lmontes@zibata.com+smtp:lmontes@supraterra.onmicrosoft.com,
María Fernanda Armijo Silva,True,auxambiental@supraterra.onmicrosoft.com,f5b990e6-e20e-4c7b-979e-b3531b69f9ec,María Fernanda,Armijo Silva,2024-04-30 18:18:50Z,,,,,,,,,,,2024-04-30 18:18:50Z,False,Unlicensed,True,2023-05-04 15:37:20Z,,,,,,,SMTP:auxambiental@supraterra.com.mx,
María Fernanda Gordillo Jiménez,False,fgordillo@stirapuato.mx,e25596ed-34cc-47a9-b0ba-1b7408877d8d,María Fernanda,Gordillo Jiménez,2026-05-05 18:43:14Z,,,,,,,,,,MX,,False,Microsoft 365 Empresa Básico,True,2026-07-15 22:41:00Z,,,,,,,SMTP:fgordillo@stirapuato.mx+smtp:cmoreno@supraterra.com.mx,
Maria Guadalupe Alheli Flores Barrera,True,gflores@zibata.com,6459bc70-5248-4e9a-b80c-73856915fbf8,Maria Guadalupe,Alheli Flores Barrera,2024-04-30 18:18:52Z,,,,,,El Marques,Mexico,,Queretaro,MX,2024-04-30 18:18:52Z,False,Microsoft 365 Empresa Básico,True,2026-04-06 19:56:21Z,,,76169,,,,SMTP:gflores@zibata.com+smtp:gflores@supraterra.onmicrosoft.com,
Maria Guadalupe Garcia Ledezma,True,mgarcia@supraterra.com.mx,c36d0e67-1bd3-4927-9b55-eabae414bff8,Maria Guadalupe,Garcia Ledezma,2024-04-30 18:18:52Z,,,,,,,,,,MX,2024-07-03 20:02:26Z,True,Microsoft 365 Empresa Estándar+Archivado de Exchange Online para Exchange Online+Microsoft Power Automate Free,True,2026-05-20 15:51:54Z,,5006,,,,,smtp:mgarcia@supraterra.onmicrosoft.com+SMTP:mgarcia@supraterra.com.mx,
María Herrera Perez,True,mherrera@stirapuato.mx,836e7234-39cd-4062-bf12-d7dea476691e,María,Herrera Perez,2024-04-30 18:18:54Z,,,,,,,,,,MX,2024-09-17 15:22:38Z,False,Microsoft 365 Empresa Estándar+Microsoft Power Automate Free,True,2025-11-12 17:25:34Z,,,,,,,SMTP:mherrera@stirapuato.mx+smtp:mherrera@supraterra.onmicrosoft.com,
Maria Jose Olmos Ramirez,True,molmos@supraterra.com.mx,0d22631b-4d1c-4dca-a014-a911695223a8,Maria Jose,Olmos Ramirez,2024-04-30 18:19:00Z,,,Analista Juridico,Juridico,,Santiago de Queretaro,Mexico,QBP-Corporativo,Queretaro,MX,2024-12-09 17:25:14Z,False,Microsoft 365 Empresa Estándar+Archivado de Exchange Online para Exchange Online+Microsoft Power Automate Free,True,2025-07-23 17:07:45Z,,4818,76100,,,,SMTP:molmos@supraterra.com.mx+smtp:molmos@supraterra.onmicrosoft.com,
Maria Treviño,True,abascos@supraterra.com.mx,037b73f7-be9a-4977-b0e9-a6314b618d80,Maria,Treviño,2024-04-30 18:18:46Z,,,ASISTENTE DE DIRECCION GENERAL,Dirección General,,El Marques,Mexico,ZIBATA,Queretaro,MX,2024-08-02 21:06:15Z,False,Unlicensed,True,2021-06-14 18:43:21Z,,,76269,,,,SMTP:abascos@supraterra.com.mx+smtp:abascos@supraterra.onmicrosoft.com,
Maria Vaca Meza,True,aux_siroc@stirapuato.mx,4958c9aa-0452-4146-9840-f02055ed827d,Maria,Vaca Meza,2024-04-30 18:18:55Z,,,,,,,,,,MX,2024-10-15 17:54:09Z,False,Unlicensed,True,2024-10-15 17:35:38Z,,1014,,,,,SMTP:aux_siroc@stirapuato.mx+smtp:mvaca@supraterra.onmicrosoft.com,
Marian  Dorantes Sánchez,False,msanchez@supraterra.com.mx,cbe18914-38cb-41e4-a0d1-0e31b9e36107,Marian,Dorantes Sánchez,2025-10-21 22:29:32Z,,,,,,,,,,MX,,False,Microsoft 365 Empresa Estándar,True,2026-06-26 18:12:33Z,,,,,,,SMTP:msanchez@supraterra.com.mx,
Mariana Pacheco López,True,mpacheco@supraterra.onmicrosoft.com,b9b77f1a-feed-4273-849c-62124c58bbb9,Mariana,Pacheco López,2024-04-30 18:18:51Z,,,,,,El Marquez,Mexico,,Queretaro,,2024-04-30 18:18:51Z,False,Unlicensed,True,2017-02-28 15:02:38Z,,,76146,,,,,
Mariana Tucari,True,mtucari@supraterra.com.mx,c4adf1e7-9905-48c2-880f-3484483dc7e5,Mariana Rocío,Tucari Morales,2024-04-30 18:18:53Z,,,,,,Santiago de Queretaro,Mexico,Corporativo SPS,Queretaro,MX,2024-10-30 22:51:31Z,False,Unlicensed,True,2025-04-25 00:59:25Z,,4859,76100,,Av. Antea 1088,,SMTP:mtucari@supraterra.com.mx+smtp:mtucari@supraterra.onmicrosoft.com,
Maribel Rangel Ramirez,True,mrangel@supraterra.com.mx,c1c25963-2835-4726-98dd-8b4208449f31,Maribel,Rangel Ramirez,2024-04-30 18:19:02Z,,,Contadora,Contraloria,,Santiago de Queretaro,Mexico,QBP-Corporativo,Queretaro,MX,2024-10-28 14:49:38Z,False,Microsoft 365 Empresa Estándar+Archivado de Exchange Online para Exchange Online+Microsoft Fabric (Gratis)+Microsoft Power Automate Free,True,2024-10-28 14:41:39Z,,4814,76100,,,,SMTP:mrangel@supraterra.com.mx+smtp:mrangel@supraterra.onmicrosoft.com,
maricelapaulinmartinez,False,maricelapaulinmartinez_gmail.com#EXT#@supraterra.onmicrosoft.com,bfc4a498-c1cd-4647-8d8f-f9d6b413998d,,,2026-09-04 02:56:04Z,,,,,,,,,,,,False,Unlicensed,True,2026-09-04 02:56:04Z,,,,,,,SMTP:maricelapaulinmartinez@gmail.com,
Marina Lopez,True,mlopez@supraterra.com.mx,b1baa104-43c7-46c1-a8cd-86356b639b03,Marina,Lopez,2024-04-30 18:19:02Z,,,COORDINADORA DE GESTION INMOBILIARIA - TRAMITES Y SERVICIOS,Juridico,,Santiago de Queretaro,Mexico,QBP-Corporativo,Queretaro,MX,2024-11-26 23:44:53Z,False,Microsoft Power Automate Free+Microsoft 365 Empresa Premium+Microsoft Fabric (Gratis),True,2025-11-24 17:05:06Z,,4867,76150,,,,SMTP:mlopez@supraterra.com.mx+smtp:mlopez@supraterra.onmicrosoft.com,
mario.perez,False,mario.perez_geoquest-group.com.mx#EXT#@supraterra.onmicrosoft.com,f88b6778-8ff7-4393-864c-47194d7cde35,,,2026-07-20 23:03:12Z,,,,,,,,,,,,False,Unlicensed,True,2026-07-20 23:03:12Z,,,,,,,SMTP:mario.perez@geoquest-group.com.mx,
Marketing,True,marketing@supraterra.onmicrosoft.com,e93c5531-5191-48b5-a42c-8b37b75d2a92,Marketing,,2024-04-30 18:18:53Z,,,,,,,,,,,2024-04-30 18:18:52Z,False,Unlicensed,True,2017-09-18 14:41:08Z,,,,,,,,
Martha Regina Torres García,True,mtorres@seguridadzibata.com,5445fcfb-fd47-4144-b309-ae03f64dd7d9,Martha Regina,Torres García,2024-07-05 17:04:37Z,,,,,,,,,,MX,2024-07-05 17:04:37Z,False,Microsoft 365 Empresa Estándar,True,2026-04-27 23:53:23Z,,,,,,,SMTP:mtorres@seguridadzibata.com+smtp:mtorres1126@supraterra.onmicrosoft.com,
Mauro Hermosillo,True,mhermosillo@supraterra.com.mx,422e21d9-ab1e-45e9-a00a-1fba76d8169d,Mauro,Hermosillo,2024-04-30 18:19:01Z,,,Coordinador del Contencioso y Ambiental,Juridico,,Santiago de Queretaro,Mexico,QBP-Corporativo,Queretaro,MX,2024-10-31 23:22:30Z,False,Microsoft 365 Empresa Premium+Microsoft Power Automate Free,True,2026-01-12 19:55:58Z,,4824,76150,,,,SMTP:mhermosillo@supraterra.com.mx+smtp:mhermosillo@supraterra.onmicrosoft.com,
Merari Yoseline Valdez Moral,True,mvaldez@supraterra.onmicrosoft.com,c4e64c39-47b7-4aad-9893-60a565497e5f,Merari Yoseline,Valdez Moral,2024-04-30 18:18:51Z,,,,,,,,,,,2024-04-30 18:18:51Z,False,Unlicensed,True,2023-03-07 15:39:45Z,,,,,,,,
Migration Wiz,False,admin@supraterra.onmicrosoft.com,53c698a6-93b8-4095-ae13-343fea5106ff,Migration,Wiz,2024-04-15 20:03:45Z,,,,,,,,,,MX,,False,Microsoft Power Automate Free,True,2026-10-01 22:22:35Z,,,,es-ES,,,SMTP:admin@supraterra.onmicrosoft.com,
Miguel Ángel Gonzalez Balderas,False,mgonzalez@supraterra.com.mx,eef5331f-d903-4159-b127-974d27834083,Miguel Ángel,Gonzalez Balderas,2025-02-13 15:55:30Z,,,,,,,,,,MX,,False,Microsoft 365 Empresa Básico+Microsoft Power Automate Free,True,2026-09-23 22:27:35Z,,,,,,,SMTP:mgonzalez@supraterra.com.mx,
Miguel Asencio Ramos,True,adm_academia@zibata.com,e0249276-6328-43f1-b511-f990e51fa057,Miguel,Asencio Ramos,2024-06-25 23:23:28Z,,,,,,,,,,MX,2024-12-10 11:55:58Z,False,Microsoft Power Automate Free+Microsoft 365 Empresa Estándar,True,2024-06-25 23:14:17Z,,,,,,,SMTP:adm_academia@zibata.com+smtp:adm_academia1369@supraterra.onmicrosoft.com,
Miguel Ochoa Alvarez,True,mochoa@supraterra.onmicrosoft.com,9d27d1b0-153c-42de-90ff-9ad67bcd7692,Miguel,Ochoa Alvarez,2024-04-30 18:18:51Z,,,,,,,,,,,2024-04-30 18:18:51Z,False,Unlicensed,True,2022-04-22 17:56:39Z,,,,,,,,
Miguel Vega,True,mvega@supraterra.com.mx,5d229bc8-636f-4a17-be64-b550516a8836,Miguel,Vega,2024-04-30 18:18:47Z,,,DIRECTOR DE OPERACIONES,Direccion de Operaciones,,Santiago de Queretaro,Mexico,QBP-Corporativo,Queretaro,MX,2024-12-03 23:50:41Z,False,Microsoft 365 Empresa Premium+Microsoft Power Automate Free,True,2025-05-13 17:46:13Z,,4866,76100,,,,SMTP:mvega@supraterra.com.mx+smtp:mvega@supraterra.onmicrosoft.com,
Miriam Montserrat Mendoza Tetuan,True,mmendoza@supraterra.onmicrosoft.com,d1cf7e1d-84d7-44d1-97dd-5522cbdcf054,Miriam Montserrat,Mendoza Tetuan,2024-04-30 18:18:50Z,,,,,,,,,,,2024-04-30 18:18:50Z,False,Unlicensed,True,2021-03-24 16:25:03Z,,,,,,,,
Miryam Arlette Rocha Gómez,True,mrocha@supraterra.onmicrosoft.com,a879050f-812d-4b2a-ae2a-3b0a7a6dff66,Miryam Arlette,Rocha Goméz,2024-04-30 18:18:51Z,,,,,,El Marquez,Mexico,,Queretaro,,2024-04-30 18:18:51Z,False,Unlicensed,True,2018-05-14 14:10:11Z,,3005,76146,,,,,
Monica del Carmen Romero Morales,True,mromero@supraterra.com.mx,a3d85f8d-ab18-406b-90ee-3007ce29f059,Monica del Carmen,Romero Morales,2024-04-30 18:18:53Z,,,Project Manager,Information Tecnology and Solutions,,,,,,MX,2024-11-25 16:13:44Z,False,Visio Plan 1+Microsoft Power Apps for Developer+Microsoft 365 Empresa Premium+Microsoft Power Automate Free,True,2026-03-11 20:18:28Z,,4822,,,,,SMTP:mromero@supraterra.com.mx+smtp:mromero@supraterra.onmicrosoft.com,
Monica G Perez,True,mgperez@supraterra.com.mx,f66b2538-ad5b-4a82-8abd-97aacba4c303,Monica,Perez,2024-04-30 18:18:59Z,,,CONTADORA,Crontraloria,,Santiago de Queretaro,Mexico,QBP-Corporativo,Queretaro,MX,2024-07-04 19:03:35Z,False,Unlicensed,True,2023-07-17 20:58:12Z,,4836,76100,,,,SMTP:mgperez@supraterra.com.mx+smtp:mgperez@supraterra.onmicrosoft.com,
Monitoreo Cecom,True,mon1@supraterra.onmicrosoft.com,86ff07f9-2999-4e2d-9143-5c32e6836ad3,Monitoreo,Cecom,2024-04-30 18:18:47Z,,,,,,,,,,,2024-04-30 18:18:47Z,False,Unlicensed,True,2022-02-02 18:53:01Z,,8110,,,,,,
Monitoreo cecom,True,monzib@supraterra.onmicrosoft.com,e58546dd-123c-4ecf-84d7-11b5a11444c1,Monitoreo,cecom,2024-04-30 18:18:48Z,,,,,,,,,,,2024-04-30 18:18:48Z,False,Unlicensed,True,2019-01-24 19:55:16Z,,,,,,,,
Monitoreo Cecom 2,True,mon2@supraterra.onmicrosoft.com,810d4af4-2169-4e9c-a720-b261a7097dc5,Monitoreo,Cecom 2,2024-04-30 18:18:47Z,,,,,,,,,,,2024-04-30 18:18:47Z,False,Unlicensed,True,2019-10-07 18:58:42Z,,8111,,,,,,
Monitoreo Cecom 3,True,mon3@supraterra.onmicrosoft.com,94aaeb5d-31c0-44ca-bc1e-10e646638a19,Monitoreo,Cecom 3,2024-04-30 18:18:47Z,,,,,,,,,,,2024-04-30 18:18:47Z,False,Unlicensed,True,2020-10-07 15:30:20Z,,8113,,,,,,
Monitoreo Cecom 4,True,mon4@supraterra.onmicrosoft.com,051812b7-6c0f-4db8-abe4-ead272a61eaf,Monitoreo,Cecom 4,2024-04-30 18:18:47Z,,,,,,,,,,,2024-10-17 13:56:02Z,False,Unlicensed,True,2024-10-17 13:30:39Z,,,,,,,,
Monitoreo Zirandaro,True,monzir@supraterra.onmicrosoft.com,e4f7a2e1-8e4c-4dfd-802a-65496aab3d55,Monitoreo,Zirandaro,2024-04-30 18:19:00Z,,,,Information Tecnology and Solutions,,San Miguel de Allende,Mexico,,Guanajuato,,2024-04-30 18:19:07Z,False,Unlicensed,True,2018-11-12 23:02:46Z,,,,,,,,
mxmeraki,True,mxmeraki@supraterra.onmicrosoft.com,d1e24f91-a25b-4c26-9146-534d344abb1b,mxmeraki,,2024-04-30 18:18:47Z,,,,,,,,,,,2024-04-30 18:18:47Z,False,Unlicensed,True,2016-06-08 16:28:36Z,,,,,,,,
Nahum Rodrigo Catalán Carreto,True,ncatalan@supraterra.com.mx,5bba11ec-2746-4766-bb02-1a0208ff2755,Nahum Rodrigo,Catalán Carreto,2024-04-30 18:18:49Z,,,,,,,,QBP-Corporativo,,MX,2024-09-24 16:59:15Z,False,Microsoft 365 Empresa Premium+Microsoft Power Automate Free,True,2024-09-24 16:45:44Z,,4847,,,,,SMTP:ncatalan@supraterra.com.mx+smtp:ncatalan@supraterra.onmicrosoft.com,
Nancy Lopez,True,nlopez@supraterra.com.mx,cb7519b7-c637-4806-b96c-0201e5518858,Nancy Arianna,Rajeb Lopez,2024-04-30 18:19:00Z,,,,Publicidad-MKT,,Santiago de Queretaro,Mexico,QBP-Corporativo,Queretaro,MX,2024-08-01 16:27:21Z,False,Microsoft 365 Empresa Estándar+Power BI Pro+Archivado de Exchange Online para Exchange Online+Microsoft Power Automate Free+Microsoft Fabric (Gratis),True,2025-10-16 19:53:34Z,,4828,76100,,,,SMTP:nlopez@supraterra.com.mx+smtp:nlopez@supraterra.onmicrosoft.com,
Nancy Olvera,True,nolvera@zirandaro.com.mx,3a66c806-4648-4bfe-8eb3-66bbe852a9a2,Nancy,Olvera,2024-04-30 18:18:53Z,,,,,,San Miguel de Allende,Mexico,ZIRANDARO,Guanajuato,MX,2024-07-04 19:03:35Z,False,Unlicensed,True,2026-04-27 16:00:07Z,,,,,,,SMTP:nolvera@zirandaro.com.mx+smtp:I-51@supraterra.onmicrosoft.com,
Nancy Rivera Ruiz,True,nrivera@supraterra.com.mx,3eb1def2-ceaf-4ad1-90ff-c16a4d6c49a3,Nancy,Rivera Ruiz,2024-04-30 18:18:49Z,,,,,,,,,,MX,2024-09-17 15:22:38Z,False,Unlicensed,True,2026-07-28 22:02:34Z,,4848,,,,,SMTP:nrivera@supraterra.com.mx+smtp:nrivera@supraterra.onmicrosoft.com,
Natalie Marianna Garcia Maravillas,True,nmaravillas@supraterra.com.mx,acab18ca-f7de-4b32-9b23-b0b2075a5829,Natalie Marianna,Garcia Maravillas,2024-04-30 18:18:52Z,,,,,,,,,,MX,2024-10-31 17:22:15Z,False,Unlicensed,True,2024-12-27 21:10:06Z,,4842,,,,,SMTP:nmaravillas@supraterra.com.mx+smtp:ngarcia@supraterra.onmicrosoft.com,
Nelly  Valencia,True,nvalencia@supraterra.com.mx,fa5b0538-426c-4850-afc8-6ceb9ae56092,Nelly,Valencia,2024-04-30 18:18:48Z,,,ANALISTA JURIDICO ZANDA,,,Leon,,ZANDA,Guanajuato,MX,2024-05-07 01:25:47Z,False,Unlicensed,True,2024-05-07 01:14:20Z,,,,,,,SMTP:nvalencia@supraterra.com.mx+smtp:nvalencia@supraterra.onmicrosoft.com,
Nicolás González Bernal,True,ngonzalez@stirapuato.mx,46593563-993c-499f-84b0-04e0f294cb41,Nicolás,González Bernal,2024-04-30 18:18:56Z,,,,,,,,,,MX,2024-10-03 16:08:41Z,False,Microsoft 365 Empresa Básico+Microsoft Power Automate Free,True,2024-10-03 16:01:16Z,,,,,,,SMTP:ngonzalez@stirapuato.mx+smtp:auxobra@supraterra.onmicrosoft.com,
Norberto Alvarado,True,nalvarado@supraterra.com.mx,83dc1bcf-f220-44a2-8aee-3dc87da28120,Norberto,Alvarado,2024-04-30 18:18:47Z,,,SUBDIRECTOR GENERAL DE OPERACIONES Y JURIDICO,OPERACIONES Y JURIDICO,,Santiago de Queretaro,Mexico,QBP-Corporativo,Queretaro,MX,2024-07-12 20:15:48Z,False,Microsoft 365 Empresa Premium+Microsoft Fabric (Gratis),True,2025-12-03 21:53:12Z,,4858,76150,,,,SMTP:nalvarado@supraterra.com.mx+smtp:nalvarado@supraterra.onmicrosoft.com,
Notificaciones CRM,True,notifications@supraterra.com.mx,a0cfebf7-0f9e-4397-8ddf-ee438553666d,Notificaciones,CRM,2024-05-02 20:20:42Z,,,,,,,,,,MX,2024-07-08 20:10:57Z,False,Microsoft 365 Empresa Básico,True,2024-07-08 19:44:29Z,,,,,,,SMTP:notifications@supraterra.com.mx+smtp:notifications@supraterra.onmicrosoft.com,
On-Premises Directory Synchronization Service Account,True,Sync_SPSSVR15_79e3f12c17ff@supraterra.onmicrosoft.com,8717075b-e1ce-461a-b6b2-fb9e529f0946,,,2024-04-30 18:14:54Z,,,,,,,,,,,2024-04-30 18:14:54Z,False,Unlicensed,True,2024-04-30 18:14:54Z,,,,,,,,
OQM Refugio,True,oqm@supraterra.onmicrosoft.com,88d5f626-bff6-4af2-8290-d31b2a8557b3,OQM,Refugio,2024-04-30 18:18:54Z,,,,,,,,,,,2024-04-30 18:18:54Z,False,Unlicensed,True,2024-04-30 18:18:54Z,,3010,,,,,,
OQM1,True,servicios@supraterra.onmicrosoft.com,5371c5e1-1ac5-4c01-9142-4c2718ed4758,Edgar,Robles,2024-04-30 18:18:48Z,,,AUXILIAR EN CALL CENTER,,,El Marques,,RESIDENCIAL EL REFUGIO,Queretaro,,2024-04-30 18:18:48Z,False,Unlicensed,True,2015-07-01 01:01:30Z,,3010,,,,,SMTP:servicios@residencialelrefugio.com.mx,
Oscar Granados Sanchez,True,ogranados@supraterra.onmicrosoft.com,07fd222f-60b4-45b0-bb39-80f09a6556ac,Oscar,Granados Sanchez,2024-04-30 18:18:50Z,,,,,,,,,,,2024-04-30 18:18:50Z,False,Unlicensed,True,2018-01-31 15:34:01Z,,,,,,,,
Oscar Jaramillo Rosillo,True,ojaramillo@supraterra.com.mx,55f5278b-48d7-4f18-ba32-a66490f86a35,Oscar,Jaramillo Rosillo,2024-04-30 18:18:50Z,,,,,,,,QBP,,MX,2024-11-12 19:32:41Z,False,Microsoft 365 Empresa Estándar,True,2025-05-02 19:58:02Z,,4880,,,,,SMTP:ojaramillo@supraterra.com.mx+smtp:ojaramillo@supraterra.onmicrosoft.com,
Oswaldo Guizar,True,oguizar@stirapuato.mx,26cfa344-c1e5-455b-99cf-2f07664c87b2,Oswaldo,Guizar,2024-06-25 18:23:13Z,,,GERENTE DE CONSTRUCCION,Construccion - Obra,,El Marques,Mexico,ZIBATA,Queretaro,MX,2024-09-09 16:15:17Z,False,Archivado de Exchange Online para Exchange Online+Microsoft 365 Empresa Estándar+Microsoft Power Automate Free,True,2025-10-20 18:11:07Z,,1008,76269,,,,SMTP:oguizar@stirapuato.mx+smtp:oguizar@supraterra.onmicrosoft.com,
Pablo Armando Navarrete,True,pnavarrete@supraterra.com.mx,9de43599-7168-48ba-9e09-cc0c79807c28,Pablo,Armando Navarrete,2024-04-30 18:18:57Z,,,,,,,,,,MX,2024-04-30 18:18:57Z,False,Microsoft 365 Empresa Estándar+Microsoft Power Automate Free,True,2021-08-18 16:47:03Z,,1031,,,,,SMTP:pnavarrete@supraterra.com.mx+smtp:pnavarrete@supraterra.onmicrosoft.com,
Paola Blanco García,True,pblanco@supraterra.com.mx,65c10c01-0c65-46d3-9dc4-d6273b26d0de,Paola,Blanco García,2024-04-30 18:18:49Z,,,,,,,,,,MX,2024-11-28 16:16:16Z,False,Microsoft 365 Empresa Básico,True,2025-02-28 21:15:23Z,,4853,,,,,SMTP:pblanco@supraterra.com.mx+smtp:pblanco@supraterra.onmicrosoft.com,
Patricia Luque Feregrino,True,pluque@supraterra.onmicrosoft.com,c6b37adb-27bc-4e50-931a-365d0b3682ca,Patricia,Luque Feregrino,2024-04-30 18:18:50Z,,,,,,El Marques,Mexico,,Queretaro,,2024-04-30 18:18:50Z,False,Unlicensed,True,2018-01-30 23:39:02Z,,,76169,,,,SMTP:pluque@zibata.com,
Patricio Oleszcovski Del Bosque,True,polesz@supraterra.onmicrosoft.com,b4a55e44-fc39-489c-b583-6a2b1ea84c5e,Patricio,Oleszcovski Del Bosque,2024-04-30 18:18:54Z,,,,,,,,,,,2024-04-30 18:18:53Z,False,Unlicensed,True,2023-12-11 16:00:26Z,,,,,,,,
Paulina  Rubio Valladolid,False,auxplaneacion@supraterra.com.mx,fd15e42c-658a-4b36-b43a-62c05cb8e00b,Paulina,Rubio Valladolid,2025-03-11 18:56:24Z,,,,,,,,,,MX,,False,Microsoft Power Automate Free+Microsoft 365 Empresa Estándar,True,2026-03-27 18:26:55Z,,,,,,,SMTP:auxplaneacion@supraterra.com.mx,
Pedro Emmanuel Perales Arredondo,True,pperales@supraterra.onmicrosoft.com,1f0b5ae8-ec22-43cf-948d-e098c1585b92,Pedro Emmanuel,Perales Arredondo,2024-04-30 18:18:53Z,,,,,,,,,,,2024-07-10 16:13:07Z,False,Unlicensed,True,2024-07-10 15:59:36Z,,4821,,,,,SMTP:pperales@supraterra.com.mx,
Pedro Ramirez,True,pramirez@zibata.com,43f16de9-2251-491b-a00a-dc18d8be3756,Pedro,Ramirez,2024-05-02 20:20:42Z,,,,,,,,,,MX,2024-12-10 11:55:58Z,False,Microsoft 365 Empresa Básico,True,2025-11-12 22:17:21Z,,,,,,,SMTP:pramirez@zibata.com+smtp:pramirez3053@supraterra.onmicrosoft.com,
Pedro Resendiz García,True,presendiz@zibata.com,843f54fe-fb3d-46de-8578-83b663cb274c,Pedro,Resendiz García,2024-04-30 18:18:53Z,,,,,,El Marques,Mexico,,Queretaro,MX,2024-04-30 18:18:52Z,False,Microsoft 365 Empresa Básico+Microsoft Power Automate Free,True,2025-04-04 00:55:49Z,,,76169,,,,SMTP:presendiz@zibata.com+smtp:presendiz@supraterra.onmicrosoft.com,
Perla Cassandra Gernandez,True,I-61@supraterra.onmicrosoft.com,57ab5a39-d4c6-4e1a-8fbf-273edd405171,Perla,Cassandra Gernandez,2024-04-30 18:18:53Z,,,,,,,,,,,2024-04-30 18:18:52Z,False,Unlicensed,True,2018-11-13 17:52:10Z,,,,,,,,
Perla Cassandra Hernandez,True,phernandez@nuevorefugio.com,7d66714d-c0d0-4e6f-b6af-28c3c977fb61,Perla Cassandra,Hernandez,2024-04-25 22:51:27Z,,,,,,El Marques,Mexico,Nuevo Refugio,Queretaro,MX,2024-07-05 16:34:35Z,False,Unlicensed,True,2024-07-05 16:22:14Z,,4425006000,76269,,,,SMTP:phernandez@nuevorefugio.com+smtp:phernandez@supraterra.onmicrosoft.com,
Personal Externo Capacitacion,True,pexterno@supraterra.onmicrosoft.com,1bd6005a-d1d8-4eaf-b959-1a3e42266207,Personal,Externo Capacitacion,2024-04-30 18:18:50Z,,,,,,,,,,,2024-04-30 18:18:50Z,False,Unlicensed,True,2023-05-08 18:28:36Z,,,,,,,,
Piso 1 Sala 1,False,SalaPiso1@supraterra.com.mx,bf1abb28-d9e6-4d91-83a6-f2824a8bdf4c,,,2026-08-13 23:06:06Z,,,,,,,,"av.Antea 1088 , Business Park Torre 1 , Piso 1",,,,False,Unlicensed,True,2026-08-13 23:06:06Z,,,,,,,smtp:SalaPiso1@supraterra.onmicrosoft.com+SMTP:SalaPiso1@supraterra.com.mx,
Piso 1 Sala 2,False,Piso1Sala2@supraterra.com.mx,6f27323f-6ee8-47bb-953c-68c020e474bf,,,2026-08-13 23:07:07Z,,,,,,,,"av.Antea 1088 , Business Park Torre 1 , Piso 1",,,,False,Unlicensed,True,2026-08-13 23:07:07Z,,,,,,,smtp:Piso1Sala2@supraterra.onmicrosoft.com+SMTP:Piso1Sala2@supraterra.com.mx,
Portico Chchimequillas,True,pchchimequillas@supraterra.onmicrosoft.com,72827a7c-0749-4082-b2cc-260e8584dd8e,Portico,Chchimequillas,2024-04-30 18:18:51Z,,,,,,,,,,,2024-04-30 18:18:51Z,False,Unlicensed,True,2020-12-09 19:55:55Z,,,,,,,,
Posventa,True,posventa@supraterra.com.mx,9ab4cc6f-60b1-459d-8ed6-2a65c3033e2e,Posventa,Zibata,2024-04-30 18:18:57Z,,,,,,Santiago de Queretaro,Mexico,ZIBATA,Queretaro,MX,2024-08-19 16:53:44Z,False,Microsoft 365 Empresa Básico,True,2026-05-08 21:20:04Z,,1027,76100,,,,SMTP:posventa@supraterra.com.mx+smtp:posventa@supraterra.onmicrosoft.com,
pposadase@atlasdesarrollos.com,False,pposadase_atlasdesarrollos.com#EXT#@supraterra.onmicrosoft.com,7f43709c-13fa-47dc-ad42-a7aa9fc113dc,,,2025-01-14 00:36:34Z,,,,,,,,,,,,False,Unlicensed,True,2025-01-14 00:36:34Z,,,,,,,SMTP:pposadase@atlasdesarrollos.com,
profesional.forestal,False,profesional.forestal_gmail.com#EXT#@supraterra.onmicrosoft.com,0644be45-bdff-4bfc-ac82-0eb24eba43eb,,,2026-09-28 19:46:47Z,,,,,,,,,,,,False,Unlicensed,True,2026-09-28 19:46:47Z,,,,,,,SMTP:profesional.forestal@gmail.com,
Proshop Golf,True,cajagolf@zibata.com,b8dc15cd-5a82-451e-be0b-256b80acfe05,Golf,,2024-04-30 18:19:00Z,,,AUXILIAR ADMINISTRATIVO,AC-Golf,,El Marques,Mexico,ZIBáTA,Queretaro,MX,2024-11-28 12:46:10Z,False,Microsoft 365 Empresa Básico+Microsoft Power Automate Free,True,2024-11-28 12:36:32Z,,1028,76269,,,,smtp:adm_academia@supraterra.onmicrosoft.com+SMTP:cajagolf@zibata.com,
Proyectos Obra,True,proyectosobra@supraterra.onmicrosoft.com,1088b9c2-b6b4-4662-8473-511c57cfa3aa,Proyectos,Obra,2024-09-11 16:47:09Z,,,,,,,,,,,2024-12-09 14:55:10Z,False,Unlicensed,True,2024-12-09 14:40:37Z,,,,,,,,
Publicidad Supraterra,True,publicidad@supraterra.com.mx,82039827-5a97-4ba4-a481-eb275c59516a,Publicidad,Supraterra,2024-05-02 20:20:42Z,,,,,,,,,,MX,2024-11-21 23:10:34Z,False,Microsoft 365 Empresa Básico,True,2025-03-05 23:03:06Z,,,,,,,SMTP:publicidad@supraterra.com.mx+smtp:publicidad@supraterra.onmicrosoft.com,
Ramón Ramírez Vázquez,True,rramirez@supraterra.com.mx,2fe982d0-7021-49c5-8741-ba071710433a,Ramón,Ramírez Vázquez,2024-04-30 18:18:49Z,,,,,,,,,,MX,2024-07-25 19:12:56Z,False,Unlicensed,True,2024-07-25 19:05:59Z,,4805,,,,,SMTP:rramirez@supraterra.com.mx+smtp:rramirez@supraterra.onmicrosoft.com,
Raul Diaz,True,rdiaz@supraterra.onmicrosoft.com,bdb05d20-c8b3-4581-b5dc-6c55bebc792b,Raul,Diaz,2024-04-30 18:18:51Z,,,ADMINISTRADOR DE PROYECTO,,,Leon,,ZANDA,Guanajuato,,2024-04-30 18:18:51Z,True,Unlicensed,True,2024-04-30 18:18:51Z,,,,,,,,
Raymundo Aceves Estrada,True,raceves@zibata.com,22c6f2fb-d9c0-42cd-92ea-e539f7f75f6a,Raymundo,Aceves Estrada,2024-04-30 18:18:53Z,,,,,,El Marques,Mexico,,Queretaro,MX,2024-07-12 16:15:36Z,False,Microsoft 365 Empresa Básico,True,2024-07-12 16:00:57Z,,,76169,,,,SMTP:raceves@zibata.com+smtp:raceves@supraterra.onmicrosoft.com,
Razo Sanchez Jorge Alejandro,False,jorge.razo_ruba.com.mx#EXT#@supraterra.onmicrosoft.com,f3b04b72-20e1-418b-bd8f-f44b3b8bde7b,,,2026-09-10 22:14:10Z,,,,,,,,,,,,False,Unlicensed,True,2026-09-10 22:14:10Z,,,,,,,SMTP:jorge.razo@ruba.com.mx,
Recepcion El Refugio,True,recepcion@residencialelrefugio.com.mx,8700ce63-c9ce-4fa9-a016-86977bbedf01,Recepcion,El Refugio,2024-04-25 22:45:42Z,,,Recepcionista,Coordinacion de Proyecto,,El Marques,,Residencial el Refugio,Queretaro,MX,2024-10-11 18:19:09Z,False,Unlicensed,True,2026-05-26 18:39:34Z,,3001,,,,,SMTP:recepcion@residencialelrefugio.com.mx+smtp:recepcion@supraterra.onmicrosoft.com+smtp:recepcion@nuevorefugio.com+smtp:recepcion@zaru.mx,
Recepcion Juridico Corporativo,True,recjuridico@supraterra.com.mx,bbf2f020-33e7-49bf-8165-5bcad8843793,Recepcion,Juridico Corporativo,2024-04-30 18:19:02Z,,,,Juridico,,Santiago de Queretaro,Mexico,QBP-Corporativo,Queretaro,MX,2024-09-17 23:52:57Z,False,Microsoft 365 Empresa Básico,True,2026-08-17 19:51:07Z,,4860,76100,,,,SMTP:recjuridico@supraterra.com.mx+smtp:recjuridico@supraterra.onmicrosoft.com,
Recepcion Nuevo Refugio,True,rfrecepcion@supraterra.onmicrosoft.com,b6d5b794-7ec6-48da-a92d-9560436084f3,Recepcion,Nuevo Refugio,2024-04-30 18:18:53Z,,,,,,,,,,,2024-04-30 18:18:52Z,False,Unlicensed,True,2023-04-18 21:03:46Z,,3001,,,,,,
Recepcion Obra,True,recepcionobra@supraterra.onmicrosoft.com,1696ae1d-13db-4fd7-8678-2d3a28dea417,Recepcion,Obra,2024-04-30 18:18:54Z,,,,,,,,,,,2024-06-25 19:53:17Z,False,Unlicensed,True,2024-04-02 16:00:18Z,,1050,,,,,,
Recepcion Supraterra,True,recepcion@supraterra.com.mx,9060327b-40e6-4530-bdda-31d8da91c604,Recepcion,Supraterra,2024-04-30 18:48:19Z,,,,,,,,,,MX,2024-12-10 11:55:58Z,False,Microsoft 365 Empresa Estándar+Microsoft Power Automate Free,True,2025-05-05 18:41:22Z,,4851,,,,,SMTP:recepcion@supraterra.com.mx+smtp:recepcion9996@supraterra.onmicrosoft.com,
Recepcion Zibata Recepcion,True,recepcion@zibata.com,0fe58293-42a4-4a03-95c6-2db80b39e971,Recepcion,Zibata Recepcion,2024-04-30 18:18:53Z,,,,,,,,,,MX,2024-12-10 11:55:58Z,False,Microsoft 365 Empresa Básico,True,2025-03-05 23:06:26Z,,,,,,,SMTP:recepcion@zibata.com+smtp:recepcion0992@supraterra.onmicrosoft.com,
Recepcion1,True,recepcionuno@supraterra.onmicrosoft.com,dca36329-ea2e-4039-8f7c-231c7242a577,recepcion,uno,2024-07-03 21:32:30Z,,,,,,,,ZIBATA,,,2024-09-25 19:30:28Z,False,Unlicensed,True,2024-09-25 19:21:07Z,,1001,,,,,,
Recepcion2 Zibata,True,recepcion2@zibata.com,223fdd75-12b5-475b-b92b-c25d60de84d0,Recepcion2,Zibata,2024-06-06 16:59:14Z,,,,,,El Marques,Mexico,ZIBATA,Queretaro,,2024-06-06 16:59:14Z,False,Unlicensed,True,2022-09-23 16:28:31Z,,1002,72269,,,,,
Recibos Nomina,True,rhrecibosnomina@supraterra.com.mx,4aa0140a-7927-4a70-b61a-76be6faeab47,Recibos,Nomina,2024-05-02 20:20:42Z,,,,,,,,,,MX,2024-05-02 20:20:42Z,False,Microsoft 365 Empresa Básico,True,2024-05-02 20:15:56Z,,,,,,,SMTP:rhrecibosnomina@supraterra.com.mx+smtp:rhrecibosnomina@supraterra.onmicrosoft.com,
Recursos Humanos,True,recursoshumanos@supraterra.com.mx,e4109bdd-5460-4d7e-a800-229d07ed1c9c,Recursos,Humanos,2024-05-02 17:50:34Z,,,,,,,,,,MX,2024-11-22 16:11:23Z,False,Microsoft 365 Empresa Premium,True,2025-06-16 18:05:44Z,,,,,,,SMTP:recursoshumanos@supraterra.com.mx+smtp:recursoshumanos@supraterra.onmicrosoft.com,
report-phishing-checkpoint,False,report-phishing-checkpoint@supraterra.com.mx,e0ca9b2f-37d1-4643-8e79-71d13c7ee579,,,2025-04-09 17:05:21Z,,,,,,,,,,,,False,Unlicensed,True,2025-04-09 17:05:21Z,,,,,,,SMTP:report-phishing-checkpoint@supraterra.com.mx+smtp:report-phishing-checkpoint@supraterra.onmicrosoft.com,
REVISAR MI PLATAFORMA SH,False,REVISARMIPLATAFORMASH@supraterra.com.mx,bbc61640-1687-433b-9753-db8a7928af69,,,2025-03-05 04:23:39Z,,,,,,,,,,,,False,Unlicensed,True,2025-03-05 04:23:39Z,,,,,,,SMTP:REVISARMIPLATAFORMASH@supraterra.com.mx,
Ricardo Rivera Garduño,True,rrivera@supraterra.com.mx,dc67de3a-eeca-40ff-9295-31a54a8affec,Ricardo,Rivera Garduño,2024-04-30 18:18:49Z,,,,,,,,,,MX,2024-12-02 15:49:35Z,False,Microsoft 365 Empresa Premium+Microsoft Power Automate Free,True,2025-03-11 23:22:10Z,,4843,,,,,SMTP:rrivera@supraterra.com.mx+smtp:rrivera@supraterra.onmicrosoft.com,
Ricardo Rueda Parra,True,rrueda@supraterra.com.mx,f54dac9b-2412-4593-8524-530ca54928c6,Ricardo,Rueda Parra,2024-04-30 18:18:55Z,,,,,,,,,,MX,2024-09-26 15:31:23Z,False,Microsoft Power Apps for Developer+Microsoft Power Automate Free+Microsoft Fabric (Gratis)+Microsoft 365 Empresa Estándar,True,2024-09-26 15:23:54Z,,,,,,,SMTP:rrueda@supraterra.com.mx+smtp:bfinanzas@supraterra.onmicrosoft.com,
ricazbalceta,False,ricazbalceta_gmail.com#EXT#@supraterra.onmicrosoft.com,dc81898c-ee32-4ea0-8bdc-39294cfeb83e,,,2026-08-21 20:53:09Z,,,,,,,,,,,,False,Unlicensed,True,2026-08-21 20:53:09Z,,,,,,,SMTP:ricazbalceta@gmail.com,
Rodolfo Valdemar Gonzalez,True,I-63@supraterra.onmicrosoft.com,8f9e7628-63d3-4dd6-8a9a-d59d70854a6d,Rodolfo,Valdemar Gonzalez,2024-04-30 18:18:50Z,,,,,,,,,,,2024-04-30 18:18:50Z,False,Unlicensed,True,2018-11-12 15:40:22Z,,,,,,,,
Rodrigo Melgarejo Varela,True,aconstruccion@stirapuato.mx,6f02bc7e-9f86-496c-b787-d35e84c16631,Rodrigo,Melgarejo Varela,2024-07-01 16:59:57Z,,,,,,,,,,MX,2024-10-14 15:22:12Z,False,Microsoft 365 Empresa Estándar+Microsoft Power Automate Free,True,2026-08-17 19:53:19Z,,,,,,,SMTP:aconstruccion@stirapuato.mx+smtp:aconstruccion@supraterra.onmicrosoft.com,
Rodrigo Villaseñor,True,rvillasenor@supraterra.com.mx,5985bb68-aa5c-494e-a1f1-f71a9fbd0182,Rodrigo,Villaseñor,2024-04-30 18:18:53Z,,,,,,,,QBP-Corporativo,,MX,2024-11-25 19:13:52Z,False,Microsoft 365 Empresa Estándar+Microsoft Power Automate Free,True,2025-10-20 21:23:56Z,,1055,,,,,SMTP:rvillasenor@supraterra.com.mx+smtp:rvillasenor@supraterra.onmicrosoft.com,
Rosy Muñoz Arángo,True,rarango@supraterra.onmicrosoft.com,759a9854-2e1f-47ca-b8d7-b4fa7412bd4d,Rosy,Muñoz Arángo,2024-04-30 18:18:48Z,,,,,,El Marques,Mexico,,Queretaro,,2024-04-30 18:18:48Z,False,Unlicensed,True,2018-01-30 23:58:10Z,,,76169,,,,SMTP:rarango@zibata.com,
Rubén González Ugalde,True,obra@supraterra.onmicrosoft.com,ec4ae4ee-2f9b-4e31-ba1a-6d6e7d3dc075,Rubén,González Ugalde,2024-04-30 18:18:57Z,,,,,,El Marquez,Mexico,,Queretaro,,2024-04-30 18:18:57Z,True,Unlicensed,True,2024-04-30 18:18:57Z,,,76146,,,,SMTP:obra@residencialelrefugio.com.mx,
Sala Calm,False,Salacalm@supraterra.com.mx,454ec255-1de4-40f1-bb06-90978c5d9dbe,,,2026-08-13 22:59:01Z,,,,,,,,"av.Antea 1088 , Business Park Torre 1, Piso 9",,,,False,Unlicensed,True,2026-08-13 22:59:01Z,,,,,,,smtp:Salacalm@supraterra.onmicrosoft.com+SMTP:Salacalm@supraterra.com.mx,
Sala de Consejo,False,SaladeConsejo@supraterra.com.mx,4eb08cfe-e439-4dc3-ac67-08b270d7e607,,,2026-08-13 22:15:40Z,,,,,,,,"av.Antea 1088 , Business Park Torre 1, Piso 9",,,,False,Unlicensed,True,2026-08-13 22:15:40Z,,,,,,,smtp:SaladeConsejo@supraterra.onmicrosoft.com+SMTP:SaladeConsejo@supraterra.com.mx,
Sala Direccion Corporativo,True,szibata@supraterra.onmicrosoft.com,72397231-8e8f-410f-a29b-755e6b625529,Sala Direccion,Corporativo,2024-04-30 18:18:47Z,,,,,,,,QBP-Corporativo,,,2024-05-02 20:50:43Z,False,Unlicensed,True,2019-11-11 15:09:11Z,,4810,,,,,SMTP:sjuntas@supraterra.com.mx,
Sala Direccion Zibata,True,dzibata@supraterra.onmicrosoft.com,6bc11d4a-7b34-4746-ab9c-fe26a5df371f,Sala Direccion,Zibata,2024-04-30 18:18:46Z,,,,,,,,,,,2024-04-30 18:18:46Z,False,Unlicensed,True,2024-03-14 17:27:56Z,,,,,,,,
Sala Juntas Direccion,True,sdireccion@supraterra.onmicrosoft.com,19bcae44-b0ff-4d75-93d4-5a677d2b2e82,Sala Juntas,Direccion,2024-04-30 18:18:48Z,,,,,,,,,,,2024-04-30 18:18:47Z,False,Unlicensed,True,2023-12-21 15:00:29Z,,,,,,,,
Sala Juntas Showroom,True,sshowroom@supraterra.onmicrosoft.com,0edc4052-e139-4e21-9bb9-bd0e5789259a,Sala de Juntas,Showroom,2024-04-30 18:18:47Z,,,,,,,,,,,2024-04-30 18:18:47Z,False,Unlicensed,True,2024-01-02 16:47:14Z,,4900,,,,,,
Sala Jurídico,False,Salajuridico@supraterra.com.mx,035f9556-5b43-4c82-94d2-77b40640bd64,,,2026-08-13 22:54:56Z,,,,,,,,"av.Antea 1088 , Business Park Torre 1, Piso 9",,,,False,Unlicensed,True,2026-08-13 22:54:56Z,,,,,,,smtp:Salajuridico@supraterra.onmicrosoft.com+SMTP:Salajuridico@supraterra.com.mx,
Sala Juridico,True,sjuridico@supraterra.onmicrosoft.com,05845f9d-0166-4b81-8b0f-2eb64363693d,Sala,Juridico,2024-04-30 18:18:47Z,,,,,,,,,,,2024-04-30 18:18:47Z,False,Unlicensed,True,2016-11-16 18:44:13Z,,4813,,,,,,
Sala ShowRoom,False,SalaShowroom@supraterra.com.mx,cc558746-3201-4bde-847c-92fc7ac8e01c,,,2026-08-13 22:56:41Z,,,,,,,,"av.Antea 1088 , Business Park Torre 1, Piso 9",,,,False,Unlicensed,True,2026-08-13 22:56:41Z,,,,,,,smtp:SalaShowroom@supraterra.onmicrosoft.com+SMTP:SalaShowroom@supraterra.com.mx,
Sala Zirandaro Juntas,True,szirandaro@supraterra.onmicrosoft.com,92d2fc67-6c74-4164-b1fe-df4c97ab3efd,Sala Zirandaro,Juntas,2024-04-30 18:18:53Z,,,,,,,,,,,2024-09-05 18:11:58Z,False,Unlicensed,True,2024-09-05 18:05:07Z,,,,,,,,
Salvador Tapia,True,stapia@supraterra.com.mx,6e2af73f-77d8-4daa-98d1-332ecc8018f8,Salvador,Tapia,2024-04-30 18:18:54Z,,,COORDINADOR DE PROYECTOS EJECUTIVOS,,,El Marques,,ZIBATA,Queretaro,MX,2024-10-29 00:19:59Z,False,Microsoft 365 Empresa Premium+Microsoft Power Automate Free,True,2025-09-23 16:46:15Z,,1040,,,,,SMTP:stapia@supraterra.com.mx+smtp:stapia@supraterra.onmicrosoft.com,
Salvadora Suarez Pacheco,True,ssuarez@zirandaro.com.mx,78f3cf78-71b3-474b-a48a-7b302cef9e99,Salvadora,Suarez Pacheco,2024-06-25 18:23:13Z,,,,,,,,,,MX,2024-08-15 23:20:22Z,False,Microsoft 365 Empresa Básico,True,2024-08-15 23:10:02Z,,,,,,,SMTP:ssuarez@zirandaro.com.mx+smtp:ssuarez@supraterra.onmicrosoft.com,
Samantha Nicole Contla Parra,True,sparra@stirapuato.mx,84ed4bfd-32ba-4c98-b6fd-a7b30699b783,Samantha Nicole,Contla Parra,2024-07-12 20:45:50Z,,,,,,,,,,MX,2024-10-10 23:18:21Z,False,Microsoft 365 Empresa Estándar,True,2025-10-20 16:31:06Z,,,,,,,SMTP:sparra@stirapuato.mx+smtp:supervisorconst@supraterra.onmicrosoft.com,
Samuel Gil,True,sgil@supraterra.com.mx,edea5d57-3f4d-4b7e-88f4-15e0f65b9c9a,Samuel Fernando,Gil García,2024-04-30 18:18:49Z,,,,,,,,Zibata,,MX,2024-10-02 22:37:56Z,False,Microsoft 365 Empresa Estándar+Archivado de Exchange Online para Exchange Online+Microsoft Power Automate Free,True,2026-02-18 17:59:33Z,,1006,,,,,SMTP:sgil@supraterra.com.mx+smtp:sgil@supraterra.onmicrosoft.com,
Sandra Magali Ruiz Orduño,True,mruiz@supraterra.com.mx,9ba51423-29b6-4264-9c89-dc47877e1465,Sandra Magali,Ruiz Orduño,2024-05-07 17:26:34Z,,,,Planeacion Financiera,,El Marques,Mexico,,Queretaro,MX,2024-11-25 15:43:44Z,False,Archivado de Exchange Online para Exchange Online+Microsoft Power Automate Free+Microsoft 365 Empresa Estándar,True,2026-01-16 22:07:34Z,,4873,76269,,,,SMTP:mruiz@supraterra.com.mx+smtp:mruiz@supraterra.onmicrosoft.com,
Sarahí Garay Aguilar,False,becarioadmon@supraterra.com.mx,07dc9574-4b15-451d-a3e2-118b4287594f,Sarahí,Garay Aguilar,2026-01-02 20:08:37Z,,,,,,,,,,MX,,False,Microsoft 365 Empresa Básico,True,2026-08-11 18:53:43Z,,,,,,,SMTP:becarioadmon@supraterra.com.mx,
Saraí Viviana García Luna,False,sgarcia@supraterra.com.mx,509eb756-bdaa-433a-8269-b12301937aa4,Saraí Viviana,García Luna,2025-05-08 15:43:30Z,,,Analista de Jurídico Comercial,Juridico,,Querétaro,Mexico,Corporativo QBP,Querétaro,MX,,False,Unlicensed,True,2025-06-06 16:48:14Z,,4422294850,76100,,,,SMTP:sgarcia@supraterra.com.mx,
Scitum Tmx,False,tmx@supraterra.com.mx,97191dc9-ab22-4846-a180-e1617136ac41,Scitum,Tmx,2024-12-13 02:25:38Z,,,,,,,,,,MX,,False,Unlicensed,True,2024-12-13 02:31:29Z,,,,,,,SMTP:tmx@supraterra.com.mx,
Seguridad Zibatá,True,seguridad@zibata.com,3bfc1fb1-dd26-4959-870e-5c58dc7df88b,Seguridad,Zibatá,2024-04-30 18:18:54Z,,,,,,,,,,MX,2024-09-30 23:05:48Z,False,Unlicensed,True,2024-09-30 22:59:50Z,,,,,,,SMTP:seguridad@zibata.com+smtp:szibta@supraterra.onmicrosoft.com,
Seguridad Zirandaro,True,zirhost1@supraterra.onmicrosoft.com,adb506ce-c19b-42af-a0e7-3bdbbabb508c,Seguridad,Zirandaro,2024-04-30 18:19:00Z,,,,Information Tecnology and Solutions,,Santiago de Queretaro,Mexico,,Queretaro,,2024-04-30 18:19:08Z,False,Unlicensed,True,2020-11-24 17:25:50Z,,,76100,,,,,
Sergio Nieves Ocampo,True,snieves@stirapuato.mx,e1cc8e45-4ef9-4add-8661-26ed1b652c3b,Sergio,Nieves Ocampo,2024-04-30 18:18:56Z,,,,,,El Marques,Mexico,Nuevo Refugio,Queretaro,MX,2024-10-21 15:12:01Z,False,Archivado de Exchange Online para Exchange Online+Microsoft 365 Empresa Estándar,True,2026-02-25 17:44:32Z,,4425006000,76264,,,,smtp:coordinadorobra@supraterra.onmicrosoft.com+SMTP:snieves@stirapuato.mx+smtp:coordinadorobra@nuevorefugio.com,
Sergio Sabag Beltrán,True,ssabag@zibata.com,6b34b181-099e-4dd8-9107-743f0f238d72,Sergio,Sabag Beltrán,2024-04-30 18:19:02Z,,,,Ventas,,El Marques,Mexico,Zibatá,Queretaro,MX,2024-10-04 19:41:49Z,False,Microsoft 365 Empresa Básico,True,2024-10-04 19:18:10Z,,,76269,,,,SMTP:ssabag@zibata.com+smtp:ssabag@supraterra.onmicrosoft.com,
Sergio Ugalde,True,sugalde@stirapuato.mx,bc980b98-a5d6-4b24-87b7-48f5e72365b0,Sergio,Ugalde,2024-04-25 22:45:45Z,,,,,,San Miguel de Allende,Mexico,Zibata,Guanajuato,MX,2024-11-05 18:26:35Z,False,Unlicensed,True,2024-11-05 18:20:00Z,,1023,,,,,SMTP:sugalde@stirapuato.mx+smtp:sugalde@supraterra.onmicrosoft.com+smtp:construccion@zirandaro.com.mx,
Sergio Vilchis Alvarez,True,svilchis@supraterra.onmicrosoft.com,3e4dfb5c-5377-49c4-b881-0a4e6f37a22c,Sergio,Vilchis Alvarez,2024-04-30 18:18:57Z,,,,,,,,,,,2024-10-02 15:37:40Z,False,Unlicensed,True,2024-10-02 15:31:04Z,,,,,,,,
Servicio Cocina,True,scocina@supraterra.onmicrosoft.com,d11b7082-2240-48b7-bc6a-5aef251600df,Servicio,Cocina,2024-04-30 18:18:48Z,,,,,,Santiago de Queretaro,Mexico,,Queretaro,,2024-04-30 18:18:48Z,False,Unlicensed,True,2018-03-02 01:39:47Z,,4841,76100,,"Av. Antea 1088, Col Jurica",,,
Servicios Supraterra,True,sistemas@supraterra.com.mx,6d74b7d6-f29c-44f8-bb32-d29cd2083ed0,Servicios,Supraterra,2024-04-30 18:18:57Z,,,,,,,,,,MX,2024-07-04 20:03:37Z,False,Microsoft 365 Empresa Básico,True,2024-07-29 23:25:52Z,,,,,,,SMTP:sistemas@supraterra.com.mx+smtp:servicios@supraterra.onmicrosoft.com,
Show Room,True,sroom@supraterra.onmicrosoft.com,a3a23cff-e56f-45a3-a840-08cb394d897a,Show,Room,2024-04-30 18:18:47Z,,,,,,,,QBP-Corporativo,,,2024-04-30 18:18:47Z,False,Unlicensed,True,2015-12-28 23:25:48Z,,4900,,,,,,
Sike Muller Briones,True,smuller@supraterra.onmicrosoft.com,db2493af-9770-483b-8848-d89e142529d7,Slike,Muller Briones,2024-04-30 18:18:48Z,,,,,,El Marquez,Mexico,,Queretaro,,2024-04-30 18:18:48Z,False,Unlicensed,True,2018-11-21 15:23:24Z,,3004,76146,,,,,
Sofía  Villaseñor González,False,sgonzalez@supraterra.com.mx,5d145a73-bbcc-46d9-be9f-7b5c0eb7c515,Sofía,Villaseñor González,2025-12-02 17:12:54Z,,,,,,,,,,MX,,False,Microsoft 365 Empresa Estándar,True,2026-03-03 15:23:42Z,,,,,,,SMTP:sgonzalez@supraterra.com.mx,
sofinsayeg,False,sofinsayeg_gmail.com#EXT#@supraterra.onmicrosoft.com,77936be3-6779-464e-b3b8-63add7261f7d,,,2026-09-25 17:53:34Z,,,,,,,,,,,,False,Unlicensed,True,2026-09-25 17:53:34Z,,,,,,,SMTP:sofinsayeg@gmail.com,
sonsayeg,False,sonsayeg_hotmail.com#EXT#@supraterra.onmicrosoft.com,f3eed530-2290-40d8-bd99-f93b23e9d6b7,,,2026-09-25 17:51:45Z,,,,,,,,,,,,False,Unlicensed,True,2026-09-25 17:51:45Z,,,,,,,SMTP:sonsayeg@hotmail.com,
Soporte Aquaa,True,saquaa@supraterra.onmicrosoft.com,f2d56d16-61a3-4583-b885-8dec17076230,Soporte,Aquaa,2024-04-30 18:18:53Z,,,,,,,,,,,2024-04-30 18:18:52Z,False,Unlicensed,True,2021-01-12 18:14:30Z,,,,,,,,
Soporte Tecnologías,True,soporte@supraterra.com.mx,3d4202be-7212-4b4c-a1b8-07fb27c978f5,Soporte,Tecnologías,2024-04-30 18:18:54Z,,,,,,,,,,MX,2024-10-03 20:08:52Z,False,Microsoft 365 Empresa Básico,True,2024-10-03 19:53:05Z,,,,,,,SMTP:soporte@supraterra.com.mx+smtp:soporteTI@supraterra.onmicrosoft.com,
SPS Digital keeper,False,spsdk@supraterra.com.mx,b2eca139-5994-4723-b8e5-46af730c8829,SPS Digital,keeper,2024-12-10 23:49:42Z,,,,,,,,,,MX,,False,Microsoft 365 Empresa Básico,True,2024-12-10 23:53:45Z,,,,,,,SMTP:spsdk@supraterra.com.mx,
starter.zibatagolf,False,starter.zibatagolf_gmail.com#EXT#@supraterra.onmicrosoft.com,a226c089-a0a9-45da-8f88-444b9fa88f6f,,,2026-09-01 12:19:33Z,,,,,,,,,,,,False,Unlicensed,True,2026-09-01 12:19:33Z,,,,,,,SMTP:starter.zibatagolf@gmail.com,
supdesarrolladores Cad,True,supdesarrolladores@zibata.com,bd9b1992-4b84-4f44-abcf-829ca064c67f,supdesarrolladores,Cad,2024-04-30 18:18:57Z,,,,,,,,,,MX,2024-11-06 19:57:31Z,False,Microsoft 365 Empresa Básico,True,2025-07-02 17:51:53Z,,,,,,,SMTP:supdesarrolladores@zibata.com+smtp:supdesarrolladores@supraterra.onmicrosoft.com,
Supraterra Comprobantes,True,noreply@supraterra.com.mx,6529a4e9-efa6-454b-9869-e8d7089ea5ea,Supraterra,Comprobantes,2024-05-02 20:50:43Z,,,,,,,,,,MX,2024-07-12 16:15:36Z,False,Microsoft 365 Empresa Básico,True,2024-07-12 16:08:35Z,,,,,,,SMTP:noreply@supraterra.com.mx+smtp:noreply@supraterra.onmicrosoft.com,
tags,False,tags_valotechnology.mx#EXT#@supraterra.onmicrosoft.com,e72afb57-aab6-40ae-8395-54cfdad9f703,,,2026-07-23 17:03:37Z,,,,,,,,,,,,False,Unlicensed,True,2026-07-23 17:03:37Z,,,,,,,SMTP:tags@valotechnology.mx,
Tecnologias Zibata,True,tzibata@supraterra.onmicrosoft.com,ee1fc183-2d8f-4051-9285-c15e35c6dcee,Tecnologias,Zibata,2024-04-30 18:18:55Z,,,,,,,,,,,2024-04-30 18:18:54Z,False,Unlicensed,True,2023-03-23 22:31:40Z,,1011,,,,,,
Test LDAP,True,ldap1@supraterra.onmicrosoft.com,a0cb87bf-0c5a-41f3-b615-22ef5fd6d06e,Test,LDAP,2024-04-30 18:18:51Z,,,,,,,,,,,2024-04-30 18:18:51Z,False,Unlicensed,True,2019-07-31 00:44:11Z,,,,,,,,
Usuario externo,True,userext@supraterra.onmicrosoft.com,4806107b-4310-4b2c-a531-49beaada8c3f,Usuario,externo,2024-04-30 18:18:54Z,,,,,,,,,,,2024-10-02 20:37:52Z,False,Unlicensed,True,2024-10-02 20:15:49Z,,4899,,,,,SMTP:userext@supraterra.com.mx,
Usuario Invitados,True,invitados@supraterra.onmicrosoft.com,b613db70-35c4-46f2-a75c-0e485d73653e,Usuario,Invitados,2024-04-30 18:18:57Z,,,,,,,,,,,2024-04-30 18:18:57Z,False,Unlicensed,True,2024-04-23 19:31:05Z,,,,,,,,
Valeria Martínez Cuellar,True,vmartinez@stirapuato.mx,9a0e763b-4d0f-43dd-9bea-cdb906a6ce23,Valeria,Martínez Cuellar,2024-07-01 16:59:57Z,,,,,,,,,,MX,2024-10-18 18:38:59Z,False,Unlicensed,True,2025-08-01 19:17:27Z,,,,,,,SMTP:vmartinez@stirapuato.mx+smtp:supconstruccion@supraterra.onmicrosoft.com,
Vannia Chavez,True,vchavez@supraterra.com.mx,039bc776-05de-4487-9a2d-5e8cf9033ffc,Vannia,Chavez,2024-04-30 18:19:03Z,,,ASISTENTE DE TESORERIA,Planeacion Financiera,,Santiago de Queretaro,Mexico,QBP-Corporativo,Queretaro,MX,2024-10-30 23:51:33Z,False,Unlicensed,True,2024-10-30 23:07:51Z,,,76100,,,,SMTP:vchavez@supraterra.com.mx+smtp:vchavez@supraterra.onmicrosoft.com,
Ventas NR.,True,ventasnr@supraterra.onmicrosoft.com,d8d320d6-791a-4393-b4bd-695f5d99cd52,Ventas,,2024-04-30 18:18:51Z,,,,,,,,,,,2024-04-30 18:18:51Z,False,Unlicensed,True,2023-04-27 17:31:57Z,,,,,,,,
Ventas Zakia,True,vzakia@supraterra.onmicrosoft.com,e8e9987d-9730-4421-8cec-d7139df393eb,Ventas,Zakia,2024-04-30 18:18:50Z,,,,,,,,,,,2024-04-30 18:18:50Z,False,Unlicensed,True,2017-09-14 17:27:56Z,,,,,,,,
Ventas Zibata,True,vzibata@supraterra.onmicrosoft.com,329adfc3-43b9-41d5-a55d-905660ef87bf,Ventas,Zibata,2024-04-30 18:18:53Z,,,,,,,,,,,2024-07-31 16:18:35Z,False,Unlicensed,True,2024-07-31 16:06:21Z,,,,,,,,
Ventas Zirandaro,True,vzirandaro@supraterra.onmicrosoft.com,35bdd982-5452-4da4-9008-9ec1a26d73db,Ventas,Zirandaro,2024-04-30 18:18:52Z,,,,,,,,,,,2024-04-30 18:18:52Z,False,Unlicensed,True,2017-09-14 17:26:11Z,,,,,,,,
Victor Antemate Velazquez,True,vantemate@supraterra.onmicrosoft.com,70751d3a-9638-44fd-b4e2-2e253bd0efa9,Victor,Antemate Velazquez,2024-04-30 18:18:54Z,,,,,,,,,,,2024-04-30 18:18:54Z,False,Unlicensed,True,2023-01-13 00:07:14Z,,,,,,,,
Victor Jesus Chavez Martinez,True,vjchavez@supraterra.onmicrosoft.com,5bcd3443-8e39-47f4-b1c8-5d3321ed7156,Victor Jesus,Chavez Martinez,2024-04-30 18:18:51Z,,,,,,,,,,,2024-04-30 18:18:51Z,False,Unlicensed,True,2023-08-17 19:58:06Z,,4833,,,,,SMTP:vjchavez@zibata.com,
Víctor Perez,True,vperez@supraterra.com.mx,f2aa2341-8127-4679-81aa-0a4e7baf9feb,Víctor,Perez,2024-04-30 18:18:54Z,,,COORDINADOR DE CONSTRUCCION,,,Santiago de Queretaro,,RESIDENCIAL EL REFUGIO,Queretaro,,2024-04-30 18:18:53Z,True,Unlicensed,True,2024-04-30 18:18:53Z,,,,,,,SMTP:vperez@supraterra.com.mx,
Victoria Gutiérrez Rodríguez,True,vrodriguez@supraterra.com.mx,6d8d1ccc-977c-45dd-aa32-933a24dfa852,Victoria,Gutiérrez Rodríguez,2024-04-30 18:18:54Z,,,,,,,,,,MX,2024-07-09 23:42:19Z,False,Unlicensed,True,2024-02-16 16:40:38Z,,,,,,,SMTP:vrodriguez@supraterra.com.mx+smtp:vrodriguez@supraterra.onmicrosoft.com,
Vigilancia Zirandaro,True,vigzir@supraterra.onmicrosoft.com,f9ff5ee1-7728-48e4-9882-061763d35476,Vigilancia,Zirandaro,2024-04-30 18:18:50Z,,,,,,,,,,,2024-04-30 18:18:50Z,False,Unlicensed,True,2018-11-12 21:29:40Z,,,,,,,,
Vinculacion Zibata,True,vinculacion@supraterra.com.mx,d7de2424-6713-484d-a775-645d98ecb1fd,Vinculacion,Zibata,2024-04-30 18:18:50Z,,,,,,,,,,MX,2024-07-31 16:18:35Z,False,Microsoft Power Automate Free+Microsoft 365 Empresa Premium,True,2024-07-31 16:01:16Z,,,,,,,smtp:vinculacionzib@supraterra.onmicrosoft.com+SMTP:vinculacion@supraterra.com.mx,
Viridiana  Sánchez Páez,False,mttoadmon@supraterra.com.mx,6d09e010-fac9-4d66-809e-6fa71aae6687,Viridiana,Sánchez Páez,2026-06-22 15:51:40Z,,,,,,,,,,MX,,False,Microsoft 365 Empresa Estándar,True,2026-06-26 20:45:07Z,,,,,,,SMTP:mttoadmon@supraterra.com.mx,
Wendy Pacheco,True,wpacheco@supraterra.com.mx,e94205ff-b496-4158-b210-386f1b182b12,Wendy,Pacheco,2024-04-30 18:19:01Z,,,CONTADORA,Contraloria,,Santiago de Queretaro,Mexico,QBP-Corporativo,Queretaro,MX,2024-05-28 16:23:30Z,False,Unlicensed,True,2025-01-20 16:02:35Z,,4834,76100,,,,SMTP:wpacheco@supraterra.com.mx+smtp:wpacheco@supraterra.onmicrosoft.com,
Yaremi Prieto Barrios,False,ybarrios@supraterra.com.mx,40a6ef7a-42f1-4978-95d8-cb2496c37391,Yaremi,Prieto Barrios,2025-04-01 18:36:57Z,,,,,,,,,,MX,,False,Microsoft Power Automate Free+Microsoft 365 Empresa Estándar,True,2026-05-19 16:36:24Z,,,,,,,SMTP:ybarrios@supraterra.com.mx,
Yelitza Montoya,True,ymontoya@supraterra.com.mx,5486972d-4561-4a0d-aaf6-6d8791207431,Yelitza,Montoya,2024-04-30 18:19:01Z,,,CONTADORA,Contraloria,,Santiago de Queretaro,Mexico,QBP-Corporativo,Queretaro,MX,2024-10-21 15:12:01Z,False,Microsoft 365 Empresa Estándar+Archivado de Exchange Online para Exchange Online,True,2024-10-21 15:06:25Z,,4808,76100,,,,SMTP:ymontoya@supraterra.com.mx+smtp:ymontoya@supraterra.onmicrosoft.com,
Yesenia Rivera González,False,aux@urbancorridor.com.mx,774c27d2-8f3d-4161-8ad7-9dce9869d448,Yesenia,Rivera González,2025-11-04 15:21:47Z,,,,,,,,,,MX,,False,Microsoft 365 Empresa Estándar,True,2026-02-23 17:32:57Z,,,,,,,SMTP:aux@urbancorridor.com.mx,
ZBRecepcion2,True,ZBRecepcion2@supraterra.onmicrosoft.com,7a658938-7844-43ca-8604-b285879e8581,ZBRecepcion2,,2024-04-30 18:18:50Z,,,,,,,,,,,2024-04-30 18:18:50Z,False,Unlicensed,True,2018-03-21 19:21:54Z,,,,,,,,
ZBRecepcion3,True,ZBRecepcion3@supraterra.onmicrosoft.com,52b2185b-eb28-4c0d-bb83-0ad20b03f388,ZBRecepcion3,,2024-04-30 18:18:50Z,,,,,,,,,,,2024-04-30 18:18:50Z,False,Unlicensed,True,2018-03-21 19:21:48Z,,,,,,,,
ZBRecepcion4,True,ZBRecepcion4@supraterra.onmicrosoft.com,d92ad480-dca3-45a1-83c2-9b31ed6bfee5,ZBRecepcion4,,2024-04-30 18:18:50Z,,,,,,,,,,,2024-04-30 18:18:50Z,False,Unlicensed,True,2018-03-21 19:21:43Z,,,,,,,,
Zibabus,True,zibabus@supraterra.onmicrosoft.com,d4dbec6a-3d7f-4d75-a596-9531e77cb501,Zibabus,,2024-04-30 18:18:51Z,,,,,,,,,,,2024-04-30 18:18:51Z,False,Unlicensed,True,2021-08-19 18:58:25Z,,,,,,,,
Zibata Cobranza,True,cobranza@zibata.com,68f81a30-3611-4349-92b4-da40a705aae1,Zibata,Cobranza,2024-04-30 18:18:53Z,,,,,,,,,,MX,2024-09-24 15:29:12Z,False,Archivado de Exchange Online para Exchange Online+Microsoft 365 Empresa Estándar,True,2024-09-24 15:24:34Z,,,,,,,SMTP:cobranza@zibata.com+smtp:zibcobranza@supraterra.onmicrosoft.com+smtp:callcenter2@zibata.com+smtp:tramites.cobranza@zibata.com,
Zibatá Sala Direccion,True,szibata2@supraterra.onmicrosoft.com,c52610dd-0040-4c4a-815a-a1a1adab2d3a,Zibatá,Sala Direccion,2024-04-30 18:18:47Z,,,,,,,,ZIBATA,,,2024-04-30 18:18:47Z,False,Unlicensed,True,2024-03-14 17:01:04Z,,1021,,,,,,
Zibata Seguridad,True,aser@supraterra.onmicrosoft.com,bf3fed96-8709-48a1-be61-c8715a092a25,zibata,Seguridad,2024-07-04 16:33:27Z,,,,Seguridad ASER,,El Marques,Mexico,Zibatá,Queretaro,,2024-08-01 16:27:21Z,False,Unlicensed,True,2024-07-04 16:33:27Z,,1043,76269,,,,,
zibinvitado,True,zibinvitado@supraterra.onmicrosoft.com,11fd26a8-de79-4ff2-b13f-fe61fcfc91c0,zibinvitado,,2024-04-30 18:18:51Z,,,,,,,,,,,2024-04-30 18:18:51Z,False,Unlicensed,True,2023-02-16 02:55:21Z,,,,,,,,
